3e20fc52c91e327e45f506494171d7e4,POSITIVE
16f96f3dcf8a560ae3597796507f4f1d,POSITIVE
a9ae5700ed890666e0d7b9de20e1c4fd,POSITIVE
9bf98bb1621fc0cb9be945b8eadf0411,POSITIVE
c46ed2b0f760eb97b4851d486d7b7c96,POSITIVE
99f7b0be7226fb3311201e390a455f89,POSITIVE
32bcc684da0bcbca40fe7b85c3428e14,POSITIVE
7deb2d47d9a5c7c6bfcc599c21533f97,POSITIVE
c72f91bb9893aaf22f4447e4dd6b479a,NEGATIVE
972d566d837d2395c30a6d539ae58c0c,NEGATIVE
d5ce4233d6f1869b63e9584799d44b79,NEGATIVE
007f94ef5fed0be4fdf210c64d8bb34f,NEGATIVE
192be98ae48a865a8945fc476d8b6f65,NEGATIVE
eeddf4ef5c2c907c5535cf0597c4c8c2,NEGATIVE
879dbdb75eff842258abbd9fac14e034,NEGATIVE
75bf0141920f062df497f898372b411e,NEGATIVE
16f3c473f6283535ced5129baea6722c,NEGATIVE
4d635782e9ecb42aff0493799359a8ed,POSITIVE
431b540340e875bab8edf85aa124aad9,NEGATIVE
ab6481d19633dea59b725bfc19d8e699,POSITIVE
a2095f7c01f096a387929247707a78b8,POSITIVE
11961a90c88cab1242bcd6ecaf1ce943,POSITIVE
ba4567d8151c98416a0b3ace517bf564,POSITIVE
6d8a9b0a437d3ff7b2c0e9ef0679394f,NEGATIVE
3f9ea6d83a136f42928d805ebf1a93a5,NEGATIVE
b790e0eeb50f766fb5bfe5173140dd49,NEGATIVE
5cc539b6d0a38195263264bdb1a49520,POSITIVE
0be296b6cae1ecaa294bde93b99343b6,NEGATIVE
35c170cb3169c4f197b98a5aa976bbc2,NEGATIVE
c8825bee590390dfed4e9e34134b2bfc,NEGATIVE
cd0970376827423c30f3a0e4379def3f,NEGATIVE
b5954a182083f7a7736b1c9b48e9cc2d,NEGATIVE
a15d9ac79c63aeed3db07a2af3c0543c,NEGATIVE
bd494a69f2f7a62cd80b96b53d1b4af5,POSITIVE
5729f7c5ca5901e2d405d86107fa996b,POSITIVE
8f1aeee09cf1da0b08ebe83c9602ea7f,NEGATIVE
8006b2ab65e873ad804f3765ee54f5d8,NEGATIVE
a454d65d9d64987bb81250e9becc550d,NEGATIVE
80bca20de88f409aad5051b292e9815b,POSITIVE
51ffeb76894099db84bceb89a0bb5181,NEGATIVE
35860cb5251b31f3a5fcf50dd5891b5e,POSITIVE
c2627146c12a0236c79874a668c9bb41,NEGATIVE
4cea7570153495302bcebffb0e946c33,NEGATIVE
73c55da9fe9684b42e9439f12fa2a88c,NEGATIVE
d0e3feb90f8651bab21c319118c513ec,NEGATIVE
2a4933941a9640f2c19629d40d7e12f8,NEGATIVE
39fc2b3f5cc770766b2eb7a3b67ca6e2,NEGATIVE
d1c539c1208254489ccf625b53d278b1,POSITIVE
b97b0f209b12cbd9cf6177ee3fd9b05a,POSITIVE
81b4bdbfdf2bb00f89b007fb7fe8a2b6,POSITIVE
594778fbcf673c0544e934fa1bfb5cb1,POSITIVE
b0de751ca670638161f57fba0f85daa6,POSITIVE
24ad737c13b33226cf65c54de1cdfb75,POSITIVE
e8398496b966173284cd02fd460622d6,NEGATIVE
e9c8519d66cb1755f91a9e57ff5ab8b2,NEGATIVE
ee2eeb7514593517ac8bd8a9ada486ce,POSITIVE
f89e9de14e8f00f5f58b9027767facee,NEGATIVE
de5dae50fc8dd631dab9a039b495c1da,NEGATIVE
af5d7ec13af1d757983bc778d39a5cf8,POSITIVE
6b3d66378fe2d18f8a964dd86a1ce838,POSITIVE
1c70754f7a54f3dacd09b310bf1c6b0f,NEGATIVE
42875153a28fc794a4a06dd11dcac3f9,NEGATIVE
2e53e6e897306a6933189bb50ed21a7b,NEGATIVE
3828ef2e76e8ae50ff5bf974e6c9f091,POSITIVE
c3d67658117b60d9d8d7f6583b5a6853,POSITIVE
357b3db418cd3dc1b82dac3533c08b64,POSITIVE
4935e299f8579a48095bc4ad7ab2f88b,NEGATIVE
b324637835c9574fce69f562cee96142,NEGATIVE
3a689cc5aad06946a017ca5fa17fc259,NEGATIVE
36cc8e7a5febae888e7ea9d87d24b949,POSITIVE
a8f9bf5094ac3ee3a7fd12447fabef34,NEGATIVE
1b63c7d287d132c7da1b3960c7da1bf2,POSITIVE
613989e1c99742c71129b6d974c0f2f0,NEGATIVE
c72521a78ad468e38acc621bfad80d5a,NEGATIVE
4ed8f2f8c26bef8a1c36b41101bb20f5,NEGATIVE
7d874b3ad810ce970e05ec73b6a8232d,NEGATIVE
9da2f70598418e8062fecd483a870669,NEGATIVE
67ba43eb737ba9c544d3ae3c5f4e3d07,POSITIVE
f2371e3b35f3e5d441aa5e46e7afd6ac,NEGATIVE
3e0496e4d5916ff6922021c032f086d5,NEGATIVE
8e285906ffb2e6dd27c68f0ba0037c04,POSITIVE
82f45de4b7092941f3c7a4b7d76caafa,POSITIVE
c1cfb8f3e2b2db36e82d9775887a1c58,NEGATIVE
b8257cfebb1bfa18706b8da3f56a9ee1,POSITIVE
d4d21e5cdade23efb135dec435c77f31,POSITIVE
386df513232fec3cf071373ffa9efe6f,NEGATIVE
af0ce2061ce93797c50e77735207c886,NEGATIVE
89ad42eecac6a66a3d0c1f4579960b0f,NEGATIVE
910ae30cc29004f664e642b44b25a7c0,NEGATIVE
1773cb4399d925aeda52a60224296cd9,NEGATIVE
e65eafad1048f4943c15319923e1e7e7,NEGATIVE
ddc1e605dd2fc7260dd0ba393848ded3,NEGATIVE
396c1d5e3ead23c408794edfeea542ae,NEGATIVE
1da69bd096d819aabc60720472867747,NEGATIVE
ef78a341023ff628cbecb0d0e7b369ba,NEGATIVE
37c5f3adf6f26c020a8bc68f665d5a27,POSITIVE
347fc4005355bf65975542cd35246990,NEGATIVE
9073f7dda898a74df485cbf4c5e93bd0,POSITIVE
063bf6fd4e0363d824ab8ac458514899,NEGATIVE
930e45bc8643c394763b73fbd7c64a3f,NEGATIVE
8450403567d1f14584474665041a34b0,NEGATIVE
c15968d056a768dd52719be26b08b695,POSITIVE
89f8818f3150e2657b1bd1da055c1fc4,NEGATIVE
17ca7b7812891fd56a2b04c9af68baa3,NEGATIVE
8f040280b7fe3d361f2754811e970b2e,POSITIVE
551a30c8369aa43291359b92d13cb1a9,NEGATIVE
5a2d657664359baae3a92b08b82c62e4,POSITIVE
d492c8233c761ac95b26175baadc97e7,NEGATIVE
e972781d274d25b25122453b5eaa6ca7,POSITIVE
af6712e3f4b09abe3356e810f12fe6c7,POSITIVE
74304c809c1c682939584a431656cf6b,POSITIVE
5dedfe9ca08a89cc3908faa6b8b47653,NEGATIVE
a6159995415cb11eb325a55e1cb278e8,NEGATIVE
fd2c562d0baf850e57c00da419960800,NEGATIVE
fdf2dde20988956ed066c73f4765bfaf,NEGATIVE
85f6f9a3d573b6dc53a6aa009632eec9,NEGATIVE
39b0c52eecbb3fba89e3e20e17612627,NEGATIVE
8c464a6066e356e7113cf01dff7fcdb4,NEGATIVE
65c1d7594a96e02413e7e45d83d32bf4,NEGATIVE
6435007a44ff1311c55ecc1c8d66583e,NEGATIVE
c55d6c0ae10aa47c9c4967c07f9531e5,NEGATIVE
8b2b2182ad82927cb861137484cab2f7,NEGATIVE
a80287471dac1bb365ec16cebe7e0130,POSITIVE
8239d3817f8d2e28788c42f822d5c123,POSITIVE
e923322bf65cfe3543544a3ca49765d1,NEGATIVE
8c04d1613175ee7779fe1f30ac8bf7d6,NEGATIVE
38edb5bc852c6afdadacd0badde605f4,POSITIVE
8275e1b35dfd9abd02417ccdc23cb1ba,NEGATIVE
23623ebc1ee5e56e820e824dcd9110af,NEGATIVE
22baf4dc573703e815d013c5949f0a01,POSITIVE
6e1c5daafbf52717b687274ec956eac8,NEGATIVE
8d30971e9627fcf2524a74f47f2a8037,NEGATIVE
544a9dc9c133ca07878f8ba57cc5abf5,NEGATIVE
1db2b1c76fdd9c1cebe49d3707264f1c,NEGATIVE
8fcc1fe5494d0d6026e009a5d855f362,NEGATIVE
a36497f5eb269b61f417b9e55be7e58a,POSITIVE
5d7dd2a06b2fd01c97a364e967de65cd,NEGATIVE
272b1bb62a4e0fbd4e2b316e46b7ada7,NEGATIVE
7e5c76ead917ddf2617c194cfd47abb7,NEGATIVE
f204e8929642c39548d1490e2049dfab,POSITIVE
9137d5e6e26639d1096d61d5b1319362,NEGATIVE
03bfbddd5f641d1a66d7e1eb83beac77,NEGATIVE
060c9d42ae39991100064b185129735f,POSITIVE
01d3fef28fca281623790a59866305da,NEGATIVE
2ebec6be34cabcf759e2dedbcf6d8ad0,NEGATIVE
b11781ccd03ee515ec303724545a73c8,NEGATIVE
c0cc71a7b509da260cccb449042eda8f,NEGATIVE
2636d5cf02c6d55bc2f256c5dc0887b5,POSITIVE
f5fb15178047606430f9136fe08ccf41,NEGATIVE
0df8a07a6066468eaccd9caad79b1628,NEGATIVE
2e12ab90e09050ff5654f4e497fd03d7,NEGATIVE
5ca0171b2a5bb4cee59dd4cd77a1541e,NEGATIVE
fc00ababe8e1150e9810377acdde110a,POSITIVE
700b45d453e4e9ab794f632f3988cf1d,POSITIVE
1f1ed08e24f438b57cf73ac9dba4fd6b,POSITIVE
4c3f5ce22a3d148eb54ef4d2bce7fd70,NEGATIVE
ba5525f205ffc7e925fafc9f9e7f3d5f,NEGATIVE
2c2d12fa5d10d8b728ccc42ed85db658,POSITIVE
b6b8a1757d53b96d1c8425f1daafe57b,NEGATIVE
52c03263dcbb628607841ef75d5a294e,NEGATIVE
7a4cb2706e3b5521cf791d9970c9591b,POSITIVE
6f299e151af6eb510fb570b05511019e,NEGATIVE
ce324fff250344b37aa41d1eb357d4cf,POSITIVE
5b010431be5380ecd58483598fdb28e1,NEGATIVE
bf7dac68f8cc174227e2949e5ff22c8b,NEGATIVE
c828a80c68f708cf48573844f69a38bf,POSITIVE
bbbec569b17bc7a5f9fef3e48af4873f,NEGATIVE
a6923ddc74e0257f38377f2a12d463b5,NEGATIVE
73958b0810471d92166c155670c93b10,POSITIVE
e1c3263d0d49e25613f96bc7b97102c9,POSITIVE
7e274031d530f0b91cfc62dee83b0a63,POSITIVE
c52de6ccc8d08140254cc29e0e9d80ea,POSITIVE
00f0cf0985beca54b46c22727b67ab0c,POSITIVE
54af01a1fb3113c700ca6c6ddc726469,POSITIVE
dc332dec2e02713d7b267d8c2549cdfc,POSITIVE
26d1c3ca009032ff0605d97ec4d133c0,POSITIVE
19842aa30c01b509d79b2c37a0ef4cd0,NEGATIVE
16edbaec50b9948dcb3fd285f1a5a653,POSITIVE
ff9cc8221c8cbfba9f95ae7c7d15bdfb,NEGATIVE
11166775c2dc7cf79b510a05a27b0933,NEGATIVE
cb3cf146b63e83b1cd95a3c3bda4b1d8,POSITIVE
a3fdcdff580283a4f5489c397d49d3d7,NEGATIVE
f8628e4257b1abbaaf388df6b85e2a9c,POSITIVE
b738169d093fa52c84c8a61d3a146f34,NEGATIVE
ee5032a6e44389475129bda6596f70af,POSITIVE
b5edce6f011cbc1b3ba3c431b53b5620,NEGATIVE
7d8704cba2286fa52ce41a5e7e70e1c4,POSITIVE
ec5d3790081060ede9697ce1970238d5,NEGATIVE
f6cde5eb6d31e677f0166bee6f355c46,NEGATIVE
1ad0d1d7cee609ff4c70854118912a55,NEGATIVE
1204c02ec9fef0ccccf06e3ce6f3cc4f,POSITIVE
4320b94e384b42086c03477cd05bef0a,NEGATIVE
fe1bb09a0a66d8079adbb1381977f9d0,POSITIVE
2c8c93ea25eafd05fbce24a5d2112d13,NEGATIVE
03810b0c76a5afe08da2bdeba907431c,NEGATIVE
b7739740f5cdc4b488ac28ff920bed71,NEGATIVE
6745482de1f2b7c8b5ab1576ca01022e,POSITIVE
39c7c913a74915ec883e5167aa256942,NEGATIVE
09628ae8ca4765fa09853234e97521d0,NEGATIVE
ebdc7f9bca2e6ab9e3a24ee8879c176c,NEGATIVE
4ecacb41090d2cff12ef01c6c3a69ebe,NEGATIVE
e90af42f5141bbec19a4f5431b1393ac,NEGATIVE
c7c07b65269d743cfe43ecc4239287cd,NEGATIVE
7344339a3d621e7518b7bdf577ebd2da,NEGATIVE
33d1454e01a1d5338131b78e583d5298,POSITIVE
e9061e976d46c02c0a259a867245bc0d,NEGATIVE
734de3200712207f3a9eaefe6ba0db18,POSITIVE
740efb0d9756f23ee40b2598e1a1f475,POSITIVE
688a361620ab76a10247db17bbe0a124,POSITIVE
8c5c3ed741dd5ff86d5d632bfc51e1d0,POSITIVE
e122506e37be857f55e5142df4c32974,POSITIVE
0e46ff2fa3fb3d897d870ce674a8b39b,NEGATIVE
0523450de79dd74e58193d621919f8c9,POSITIVE
4d1f7943c14c743e282599eb9eaa12f9,POSITIVE
57fcbb5e235c9906843eade6953b1c97,NEGATIVE
fb0a7df1b6c6875d5bcb4d2edf88d228,POSITIVE
f39574b198f9446e242d270b8bbdfbde,POSITIVE
30a92594b8a0a71a80467e5eaf7ca9d6,POSITIVE
de95cef55e1999222e063dcdec7398a0,POSITIVE
d3b46aa6ee4ed11f88b6cbc68ae84f70,POSITIVE
a08de7629b44caef8fbb65c13b26db67,POSITIVE
c7ca2ae14016137ad14028ce8f774f8d,POSITIVE
8409ee236a8ed6e9f0d11f4c7f26dbc0,POSITIVE
81c6c6191a7dacf660ce58817414ce76,POSITIVE
4869ae9f6156617a078d6ae90e86ed49,NEGATIVE
46e446c9a385f95c472709dd99fdc4d6,NEGATIVE
a7cc0cc5ec1cec7e5b97f465aacfc57c,NEGATIVE
12ea24c26e7fe900e3f18dac61f3f411,POSITIVE
1df70b0f97223ff3914e38fc54ac7f7a,NEGATIVE
2844977ae9f0dcac22ec1300f1159099,NEGATIVE
c0d5b90f072f48f26c60ec3cd6067958,POSITIVE
d0d1049ea4c1a6994946edef01241041,NEGATIVE
64e0ff949af4fea595a763d0e16e0440,NEGATIVE
c14cda1278f123303806d9d3398648bb,POSITIVE
bf6a447e8962c9fb9830fc0ce562ca47,NEGATIVE
175f48020fc6dde0d4ff117f72471b59,POSITIVE
2ef649b1756725e1f1bdc5f216495bc1,POSITIVE
c208c77aa70aface3f25958142defdc9,POSITIVE
d7be1ea1ecf30ba51af134b67812484f,NEGATIVE
962738c25dcbd4110bb6ff4cdbc21537,NEGATIVE
46c88ea876941e4ab6e7c558e462ef7b,POSITIVE
db454fe43dbdc5b31e291911e19be194,NEGATIVE
d9f131c79218e44c27f5d09712015dc9,NEGATIVE
2957d20e9878224360a304d08a437f82,NEGATIVE
2a84c7e16c2d92275598a1a8b29d0481,POSITIVE
9078f128d8b80cc34864b9fe8554b9b0,NEGATIVE
ea14605b2a1703238d7ad619db5490b7,POSITIVE
81a36685766f436002d3cfa6dcd3f363,NEGATIVE
5f0eeddceec5d9b50631c58815ab6ad3,POSITIVE
8235f9a92504ce9144e37977c1998dc6,POSITIVE
9b063a5f67d932a4216056faab6beddc,POSITIVE
13553ae269db9a59379192b6a84c8862,NEGATIVE
7923c7b6e79574e0de3cc10c35c6705e,NEGATIVE
a1033c503667084edaedd5a625126169,POSITIVE
9dfa55c978c56bad6cbfce6653314486,NEGATIVE
1160229b6679bc26a86cf7dcce486756,POSITIVE
07040c36ef301ebfb27955737e2469bc,POSITIVE
c4f3371be840a1d7339d2ced51eb1907,NEGATIVE
2af1307272ba7018b7fb29164331a856,NEGATIVE
9e20bc8b68da056f2076d1024bf96b58,POSITIVE
e8de4a6a30108ded9a8d8e7767b8a92e,NEGATIVE
705ae058d48cf6e42fe49b66b7bbc581,NEGATIVE
d2aa83a24cb32c9a14b2299fb10c1bad,NEGATIVE
bfeb5a601a7fe0c7f6baa00f1868a5fd,NEGATIVE
482565630425a317bfa4526fe6b76fd6,POSITIVE
4fe512bd55f92dbca267b85c16fc7ee9,POSITIVE
5c8e306103f4b98577064eac15a4e5c3,POSITIVE
d1bba0c7c79366ee12694f24ccdb7d7d,POSITIVE
bdf5c1281838c4514366ddf3b3a164b9,POSITIVE
6f58be13dbdddcabc4098e0cf21b9375,NEGATIVE
b193430d0b73f122251df8f74849f170,POSITIVE
bd2210276caab92554e9ebacb0dd9912,NEGATIVE
d0ecb498727f3e57706ac1832094af99,NEGATIVE
3fb945b1e80f416c8c64bf28dd18d6a2,NEGATIVE
5f3c4fe62280b8c4c313603bcae4a51c,NEGATIVE
51293bdc39222b614780e38602c9e7bd,NEGATIVE
08bad9ba568632a06282740978e62c4c,NEGATIVE
5316074098a4372916162c6597086417,NEGATIVE
1a6e3e9086be9becbaedcaabc71730c2,POSITIVE
9387c2053ceb1528cf8a266e37c38bc6,NEGATIVE
23e0946ddf32fb6ac1602f1cc55d1c48,NEGATIVE
60397a5a0fd41de3ee6258e1c4fcd533,NEGATIVE
d5b7383868c9111ff40484867c0bde51,POSITIVE
c19c2db28f8a1035b18a0db7f0caba1e,NEGATIVE
b4f19be76e445ceb23e6fd934ed1ffc8,POSITIVE
71d85086a54795b9c624cc263eb83a76,NEGATIVE
f0f32edc6de0e861081f1728cd689a17,POSITIVE
4519faa1d21184e462161b6bb8fcd03f,NEGATIVE
f5b5c50ac8983cd666bd760be549b8fa,NEGATIVE
d4254b7a9e346df324cc61a2d8017c44,POSITIVE
9da898b7cdef947829c1d2833a9e6aaa,NEGATIVE
4c74e42dea74200e77f2705e3dc7a388,NEGATIVE
2af18180cc463bfb6709c6ccc53bbc8b,NEGATIVE
9f91469aedcfa83a5d2b013f133b1eb2,POSITIVE
a3b3e8ac52c16ce3421d0828eb666662,POSITIVE
7b1c1a62e2f6f2485dc2dced45ae0310,NEGATIVE
2b97d7e3abe55df223e7dcad5c984b85,NEGATIVE
a35247d5655f9dd197b1fe430feaca01,NEGATIVE
5fcb2a432d8609df382fd0fc771fadbe,POSITIVE
6163e4be2d7d795783d944fa632c22ef,NEGATIVE
4d1acdde840ffd2b74790999107db3fb,NEGATIVE
aa5852185105f09cd23d3f2b3fcc6e91,NEGATIVE
490265614c531f5e00c0a45ba0720b5c,POSITIVE
d782cc5189a23f475c3822f5f24a8870,NEGATIVE
280ad45d6bd1c640e61d13a17ce9989b,NEGATIVE
54e9d52a41001c7ff8ec4e5e8f743eaf,POSITIVE
fdf7de7370fa663ff8e33c022f326172,POSITIVE
e2c991c39887268eda7f4476b064042b,NEGATIVE
97848d2ba85fc5976715261a4a3aa6a6,POSITIVE
28444f54b3534f2bce136561284d6a0c,NEGATIVE
5a4b246be01124df06b188c66c3bfc6b,POSITIVE
9db5b6fcabb504afca9abd5b3fa3012a,NEGATIVE
ff532aa7cec8c59d069a85cde377baf8,POSITIVE
ea86e64e0e1e29257f37542bf6e4e93d,NEGATIVE
8fa625333a1d9ac02b4478911d4b42a1,POSITIVE
e701eb0c0e3fca5053f16f940e694b52,POSITIVE
c0b84da9bdc3de08e63e2b9074de461e,NEGATIVE
e0324e11462bd4256e313b6932694036,NEGATIVE
319e0c60af034789d38528b39f49c134,NEGATIVE
0502280efce45e254cc8538cc08939e5,POSITIVE
f925be63510007900a6c5d0dec394c90,NEGATIVE
e8f6e468e34c52db4f636b38630675b7,NEGATIVE
325e6684b81b309a80ce6b8e3bcd0029,POSITIVE
81e19af8b1d14cd18b2b7b01c60506f2,NEGATIVE
8227c13e07627cdcc67d4aff320c2c73,POSITIVE
5321cc2271c498049b16d65392ba351e,NEGATIVE
775c5193dbcec0294b08f4d6123ec962,NEGATIVE
ad7f486f7dd13b2557a9ec81aeaa4d2e,NEGATIVE
fc1616ca2befb35808fa13671496df9e,NEGATIVE
ba3b24b9d2bc010fbc620da206fbe571,POSITIVE
b3d718e4fb2315257d0ea35d282ee955,NEGATIVE
1988e7b02572f3907866b53aa1f15b7b,POSITIVE
5685fa2bcdef55524dc7dceb7280f794,NEGATIVE
083255afd967e4add6e9e330446546bf,POSITIVE
5e8e859322bedb24d92db61395b8320b,POSITIVE
08c1d59ee834d1f72a84b1d1b7e4f5c5,NEGATIVE
a07a4e836f4b9bddbc5b35d440345225,NEGATIVE
0f4448d004eac07e2793cf59500b1b55,NEGATIVE
32017321382a07778e591ec22bbab180,POSITIVE
ca286d1c27c7bede9fd9292906b467df,NEGATIVE
82a7c5423a7238968c58a47f0cd35afb,NEGATIVE
27c8e2816aa500f43beeb2bd82dfc3ac,NEGATIVE
2ef78a5f78e5e670a70705c9f654591e,POSITIVE
03dab828640a422bd15e751c9aabfd89,NEGATIVE
5d2a9c363b9458df9a0bd57ccdba4723,POSITIVE
2699e524e07225888a7f8a79eef07dbf,POSITIVE
9a52e31b3433351df73f9bd9024dfbdc,POSITIVE
3f810c98af5522084b466b6da0378079,POSITIVE
807fa865c1ecfeb1d8c9a930ba31a0e7,POSITIVE
4da292c17111370928934c63c07e3243,POSITIVE
e0f5e199942e3fdc687d2a7e935e2d6e,NEGATIVE
a58eff579f5ce01aff0f2e95607a668e,POSITIVE
5f4785d6d8fd94b7016600c2e1eda83e,POSITIVE
328032a8eb09a4a6260a3765d48b040f,NEGATIVE
03861a821eefda1cea139be6a7b8cc93,POSITIVE
d61166c9004d920d488a612eed1750f2,POSITIVE
34c6e374fda534a0ccd2214d1715fd50,NEGATIVE
00348ac0c4a7f847826d5feb0ca9d253,POSITIVE
eae6c3e66d96b3d4efbfe4ddc65a670f,POSITIVE
cef184ea1c2966247d6df6545f302cf0,POSITIVE
823f9784c54889811d2a3e1a4782c9e0,POSITIVE
204aa1f770975468be4066a3fef626fc,NEGATIVE
f79001e53f72ec2d357c218de26c9497,POSITIVE
5fa03c3dbfac6c1a512dfbecf288510c,NEGATIVE
d0d1c301e4f33d9d60035f3c69a39ca0,NEGATIVE
c6383a5cbf6b058561fd7a875028463b,POSITIVE
2fb9673bb0cb022cbae67da6891c19d1,POSITIVE
e8263e687b122feccec6b2534ea9256f,NEGATIVE
cd6b6cb7250c6e0fa9640e6ba6be8b8d,NEGATIVE
efa278840ce267680dc79c11598f497d,NEGATIVE
af986b934b656c0b88a80493c2bc2d68,NEGATIVE
47f7a6c54798e5a367665f10c583a790,NEGATIVE
1e6ae42749f6b0376c7d3ade6b1cf23c,NEGATIVE
49d5efeed8a08e5f1106e19daf212c13,POSITIVE
f2fa6a8e0e819d6f367cdd180c709313,NEGATIVE
42d58216ccc67d5202e1114b5a6c24e6,POSITIVE
5703c1366b278eed133cf0572ed642be,POSITIVE
e1087b8de03aff27cbe3347ad0d7dace,NEGATIVE
c3f2a42e845154a8e771129fb756fc61,POSITIVE
c2e7659f894eff03d88bb2e75e1b2404,POSITIVE
88c58d3f3a5975643c76f042d722d271,NEGATIVE
707213167368a7b4c3c2afa3e261ebb2,NEGATIVE
9cf402e297431fa8a6af28f35dbe8104,NEGATIVE
1ff4d929bfe0ab504dc48c4ac3474fda,NEGATIVE
b13af8514ff8455ab731d694bbf2db92,POSITIVE
9d93d12bf4cf42dca1df8c23d26e1947,NEGATIVE
4e2c3454cd525be0212910b486f5d566,POSITIVE
d16d13412660a261ef517132de0a26d2,POSITIVE
5cc53712ed65b53f7ed99e8b2d028ad6,NEGATIVE
98d9c19cbe65541b2a40e624797efba2,POSITIVE
813ba9eda09b9dc83dc2abf1159a195c,NEGATIVE
d40210f42bdf3b7e704810fec7a590cb,NEGATIVE
67ba7ec0a21c33d3ccacf160a4fb8c03,POSITIVE
544ded21a6d191d2435d762193ac3265,NEGATIVE
e624f06767b16eb99b040e03aedf955d,NEGATIVE
d9b23d312281be7854d1073c3f1b696b,NEGATIVE
cef6903e30b61eb5da908fc546a1fcf7,NEGATIVE
e9b77eb0eab2c983081f7903e1d763e7,NEGATIVE
0c5164c2518fc8ff28ca672a1dbaa95f,NEGATIVE
98e65af51107d325f09fccaebc2b0b25,NEGATIVE
a80ec1c077eb65b675c635928b1a3564,NEGATIVE
95aa1e2e1b3aa703ce2851a681b84eaa,POSITIVE
0e376021ee4fcb956ec4d3221dd1dd49,NEGATIVE
795c1ab3e2b94542e220d1634f4dec77,POSITIVE
fd9544bc5934786aee25e444839e06b3,POSITIVE
af42fc74bb443e0736f8e8f5ee3c1574,POSITIVE
f3942d8bcdafbe5e40dc465c7a0dcc69,NEGATIVE
15666fa1e281e0bb84fffb7db1114a92,POSITIVE
a7a3ad61bfdca6452b76d6bcc442516d,NEGATIVE
33acd89c4188250db61210bab8fe2d05,NEGATIVE
f81679ad222e087d6977e9ffe6f2385c,NEGATIVE
ef85eefec2a3b3f8dc09330a2a906dd3,POSITIVE
5890afccfc9a435a3b6bff574a68e1f4,NEGATIVE
b0d3cf5c61c5ae1e1955302607fc3246,NEGATIVE
b790d0a1127647447269249cd3fc6847,NEGATIVE
1bbfb1d25d17d6f7e5c98c11c5d32e85,POSITIVE
12701ebc49f58b4bb5625db6eccbf46b,POSITIVE
d7c8f19ee9db0beb8b789b1807af5207,NEGATIVE
14cebc8eee8c62dc4c48487c5a1891da,NEGATIVE
e3bb9bbc92b9b958b540d93d0ea63ccf,NEGATIVE
11726b73d2b744d94e2a5e30b901ee66,NEGATIVE
8b2cc77819c4bafbdf6925a2f17c6a1a,POSITIVE
f9f4be6a0a2647863601ba6dfbe00007,POSITIVE
a44e812d62d69f0a5a1c8b747a6e628f,POSITIVE
825a68c7e2154da8fffed01de91cce91,POSITIVE
00edcf2cc205074edc2f77a7d9785411,NEGATIVE
679248f890ee9085923a962f62b04012,NEGATIVE
8caefe9276d7881056a9564d0dc0e6d4,NEGATIVE
ebf5f2ef68816618530e2bd22032e702,POSITIVE
623619de0884903ca5d748a7458d2957,NEGATIVE
5f71269d54258d0a915fd8f4b142fb61,NEGATIVE
edeaa0ced24592c95200da894ab76f86,POSITIVE
9a614d7982627def57c708f4bee1be4f,NEGATIVE
c34515a49046596e31624f72aaa58777,POSITIVE
6b10b761d2be32bc0b4a5a23545595e4,POSITIVE
2f77e8d0657a7f71975be79d6db413f2,POSITIVE
395f43d050da67191fac029a9b4c28a6,POSITIVE
6853e9b7d8576555fb7f5b1172fbfc64,NEGATIVE
b2d46148e8c62733ef15b7709f8249a2,NEGATIVE
c71a89224899b964d30fdd9814940d7b,NEGATIVE
ddd111cc957c11c33717b955ceeaf1c8,POSITIVE
265dd395d2d4fea508b43ec04517d654,NEGATIVE
6406e1b10ee07455dba69a3c9ab050e7,NEGATIVE
91a3d813c941e1d9a81934ccc2b21fbf,NEGATIVE
ff304e78a2a85a4d70ac4cacc9c0d672,POSITIVE
25c0a1bbf68e007a344238cfc34b56fb,POSITIVE
91ad4d0ed5c93cc9c14203c9cd8183cb,POSITIVE
0a30e47eaa82de715b8c05f4e22f5b0c,NEGATIVE
f3e719f3afbf24e6a6149ec22f488b9a,NEGATIVE
1cfc5ef98c58101bfbdcf261070af8cf,POSITIVE
48fdea34f146cb7d445b6c84fa536d71,POSITIVE
7c7c854be8a01b9ca294c102c8812ae6,NEGATIVE
31a97b798a5444f9def2d4a81d617aa5,NEGATIVE
4c6472319c37f097318076528c32ed23,NEGATIVE
848294532e01d81cbd2c0308b036b8bc,NEGATIVE
4c613d2b2348bb2920e90e2962805b41,NEGATIVE
614788bc4177f34c920b8a187ce774d2,NEGATIVE
558a709e7c991ea27da59add84f0ae4d,POSITIVE
149edf8390934c12045d8c0c01322eb6,NEGATIVE
34e0d851752601a4f915afe64b0c9695,NEGATIVE
378bb145a099253080651ebe7e5f72de,NEGATIVE
312f5a2e7508c7a21aadc19ee82bfd76,NEGATIVE
5a57ab4412907dbd291a45060dc05560,POSITIVE
a328bb54ef77ad0ea219d416526424d0,POSITIVE
634b4f859db91142085b0fe1a7914b09,NEGATIVE
8be243068a60aff6141e160272b834fc,POSITIVE
a11109699d76d77d5fec883f3d3dce81,NEGATIVE
1681abf902bd59f8758335dec7054c3e,POSITIVE
f1835026b27783e758cc2cd3aeba79c2,NEGATIVE
189d0905de033ff79ea30ba8db936ffd,POSITIVE
b5e4ed68a84d1914d13dee427c7d9225,POSITIVE
de0716fba9fdf92e884480969c9aef8f,NEGATIVE
2ccdaaecc5a3f7170a44168e6b7606eb,NEGATIVE
00447b9d4907d8b6cff92e027975fef4,POSITIVE
e50989791ef794bfeb6b4ba6a7b540a4,NEGATIVE
edd57e099aa8dc56592c8de4ceda0b91,NEGATIVE
dd058511135f179d90f099f8b8a3a329,POSITIVE
31c37f0fa16d48009e3594aec39bd8ee,POSITIVE
bb359a53ea260b2c64fe7258d70a0a2e,POSITIVE
3c88f1b1efdf5f15630c4c22be222642,NEGATIVE
da1712b9adaf5c5b33851a3f7d4d4751,POSITIVE
df698eeabaff2ddd9030bd0f454625d7,NEGATIVE
53e4de8025c72118a81be297ced23f61,POSITIVE
58fe72c8fcc9725c4e887ac86bb7e2ec,POSITIVE
b8ba213e82a512703621d93cef0cd23e,POSITIVE
54801d2f596aed00426a96db925a7579,POSITIVE
c418316584179304ec3800f3829d526b,NEGATIVE
2144b1a89921a2903d9960a5f5b6ea56,NEGATIVE
f334ea09bfb80d920ea474b159815104,POSITIVE
817b7851eb70e9d8932f678d42794450,NEGATIVE
d8daf344a055f7ef4281259954cdce00,POSITIVE
b106522daa5971d3c63b0b0a464610e7,NEGATIVE
b5b51ddf7896869b30a8d752fcf05329,NEGATIVE
674920a03e39596c80f78e6ee29eb25f,NEGATIVE
63fca6ea300d6fc07785b403237432a4,POSITIVE
5326c233b0ab3f454ab84dbe3d1569cc,POSITIVE
78866bb6a7027d1686295e891abbb59d,POSITIVE
55716de215b9dc245d58bd0f74f27591,POSITIVE
e03b6d5bdedebb9e423c7bd2fd4ee77f,NEGATIVE
df94b54df3aeb33c18c8572493f8e4a4,POSITIVE
81e83c12d8fb81e5260304b9c92633c7,POSITIVE
c0cc4d4fe09e803dcde78bae2c780556,POSITIVE
5d6272dd86eb0cb891e00c92ac22d4d3,POSITIVE
14b659adbcdc2618b8950fd9c8c0bad5,POSITIVE
03b279df0a1cd7cb4eaf45717c3d8afd,NEGATIVE
aa7715576f443ad0edee774eb653df7e,NEGATIVE
3d39c29e75e91274aa806033f9a9a7be,NEGATIVE
c324749cf5c523da3a8a025b09cd1b87,POSITIVE
c9cb37d558e3541a11f7eef61e36c7f6,POSITIVE
e9eb4ca41f80fab1d01c7eb9a693f7c6,NEGATIVE
4a0de1762b79dc23dd4a391110e40cd6,NEGATIVE
552057d6a202339a5b7cc75d517d34fc,NEGATIVE
262dd89c2649622d09a9e26c81b47d23,NEGATIVE
dd4332b173ddaa543d4a90e848028c4e,NEGATIVE
c67f422aab1ef9396098dea030efe4a3,POSITIVE
e8976ea67dbcba28d90e7ad1cb46b921,NEGATIVE
9d104969401ad739d052de3b8e28d91d,NEGATIVE
3a6a7806a8053f90788d1ad5245ec3fd,POSITIVE
147c42cf17533787bec9f10e197229ba,POSITIVE
ceb2028c8c4ed84b690b5b154e1f2a17,POSITIVE
1fd479a59053eb9749bac8b06eea6284,NEGATIVE
2d314aba21aa01623083215e713fd99e,NEGATIVE
df6f3d6dc57aef71a2424863e72ed694,POSITIVE
b9b484d0b4c0d53f69447a09fb3dc639,POSITIVE
3922a30b8bb66fce088afc45a66f2817,NEGATIVE
1f2415fb8c14c1bffaa98dfd49eb2d81,POSITIVE
c18260cdab090f0b64fb5de558c8a056,NEGATIVE
43d4ca8c130d91575d02e31364917719,NEGATIVE
960d44c7a7f88e25c34b0e3ff2221e72,NEGATIVE
aaca5fb92ca5ad89d1cc0b879920a014,NEGATIVE
905ce56f5679a842485eed2564532751,POSITIVE
30d33b266f8503ed6bfa2344da160518,POSITIVE
79cfa87eb5b4fbab3608495f81945946,NEGATIVE
782762199ff976a3ae5d5aef9c15cd93,NEGATIVE
988fe1a5e74cf3fe19228bfbc91d50cb,POSITIVE
50729de5484aa6ec5623356fac5d4b33,NEGATIVE
c3c07f74a761ab1d194893bb370bdff1,NEGATIVE
0cb097bc2d6a5c4d2e25d175eec0fc2f,POSITIVE
4a14a2aeeb287b98d780e328595c4134,POSITIVE
df90fc6ede3032666034e1d52e15c5c7,POSITIVE
8775d4eaa5901af3bea8bd412798b727,NEGATIVE
1a746e4ac855afa1ded90aea45cdaf40,POSITIVE
9941b41d8cf993c0271a2cd6f3801c85,NEGATIVE
c825f720a88f826a6aa42a76275d8962,POSITIVE
ed80d63173a4a3d84c89e8c8350d1637,NEGATIVE
7e2855ee2c0f25465b225628f8147de7,NEGATIVE
59c687c3d00c9ab595caa511c309a007,NEGATIVE
3ac5398022630645512b3e6dea35cf75,POSITIVE
25c8be7efe3e92fe791f3658ddc12e58,POSITIVE
ac7720aa123ce2594a64995ba7aace72,POSITIVE
a4bb9f34d61797b12b033af25f40d887,NEGATIVE
b4c877c72e1a616d67354aa46a8d3885,NEGATIVE
d4517ecced4e4de9a3670bf6c0482419,NEGATIVE
73a25c76d56597eb57cbd7dcc514d6b5,POSITIVE
3d3417580745d0aa6268c998527dab61,NEGATIVE
5950ad548fdd42207f46adc029f265da,POSITIVE
374dd1ea65132da3433496f7b14b5fe4,NEGATIVE
1549edfda63ded5a59fbc11b88cd3eb8,NEGATIVE
e1fa07bc653853feb93126cb42531f02,NEGATIVE
c346a077e3f994d9cb90a87a719d6121,NEGATIVE
32c6b5cdd8a6f1a0fb2ef05ccddc0918,NEGATIVE
dba904fce66104dddb27746e60a5bf5f,POSITIVE
33f848d70c452f45cce42cfad5730cfb,POSITIVE
77b9fdad35947f9ae660f6f152bb31dd,NEGATIVE
053d4e4236409fd3b904772323fa9fee,NEGATIVE
1b57f8a5f5ac21afc9d357bf1d1b939e,NEGATIVE
610f73a23e44a45051336fc64f083f0c,NEGATIVE
835145d96991ad162e00d0d1ae846fbf,POSITIVE
bd41bef8941f5caeded8ffb87c6c236d,POSITIVE
816ec94bede847aef987c7524092ff1c,NEGATIVE
00580191a82727a576dcb1b5f2de9247,NEGATIVE
ad3d80502d8ef9c7314096ad7e0dcf8a,POSITIVE
7c7a77ef83c0c296a9eb2858bbaf76fe,POSITIVE
2be704ca35f46fa950d1123c95f93244,NEGATIVE
93d1f06640f8769186a340dcab7ed1cc,NEGATIVE
a603d62ad86e0a6a7e6a68cda68ebf22,NEGATIVE
941a81837a5c4373df207d44812963fc,NEGATIVE
626149e86b485e55d1178718d5f5f496,NEGATIVE
ef6d51673d283443ebc14c6708185281,NEGATIVE
d24efa28129be501a05bebda8ab5e507,POSITIVE
ebf5a062ca3621f6b719d7e8bd504ad5,POSITIVE
c5823efa3d80baa63789d59357511eb5,NEGATIVE
68c22a71a9a7d6c463fd50ecc4a1c398,POSITIVE
fe5141ddc97c308d4b2af790dd22a678,NEGATIVE
001c98eb515043425a37326c14a9d74c,POSITIVE
8579930fd7831f67880d26d88cb75f17,NEGATIVE
2b2a9490cb201e6fd0c1a116bcabb685,NEGATIVE
b157ea067dbbf9f89576c82a69005f15,NEGATIVE
c1a6223f250bb424c9393e83e9bddc61,NEGATIVE
9615bf9f583f761087a893a72180272a,POSITIVE
219dde12104bd4e40b9381c5fd60eed6,NEGATIVE
9d32d05b3bf9d13824db0b95d0176fd2,POSITIVE
6f57a1ee29cfb31e4fb0054750594ce7,POSITIVE
2676dc74ca3b17119abb67e8caba294f,NEGATIVE
c47a02cbdbc94f7717aeac824be912a3,NEGATIVE
360d6cdb1b1b4d65b59aef9b26562c87,NEGATIVE
be7f9f21ef79a75e739db56cf3e6c52f,NEGATIVE
a2a9cce45d075d65b74f109a7d8767ac,NEGATIVE
7b426fd0d29b8fc36de68d2ea508e342,POSITIVE
9bf8beb99679978a9bd330bcb411a2da,NEGATIVE
d8b065ae5bc04efcd330fbf3baabeb68,POSITIVE
4127806bc0140a4d881d76bee7ebdc67,POSITIVE
ffffa20921282d3abb26129652f00d50,NEGATIVE
3c21fd539703c25ff1e669619fc6e5bc,POSITIVE
6b26c40a8067a0372249afb3960939d8,POSITIVE
e08fe62f07dda868dd519295727d3e96,NEGATIVE
6a2886364a496a2aaa636e0786cd2b13,NEGATIVE
092b8da9baae594ed54147024a5aa280,POSITIVE
d07a3b3cff50fc4b240a9ee826e270c1,NEGATIVE
a590e82c7dd768098d2bfc428241ed36,POSITIVE
f091056046c2688171676f82c3cea172,NEGATIVE
12f76c36d1624a3cfcd91550e6b48913,POSITIVE
42c1f00d14c49288523f5d6f47416149,POSITIVE
88338052408fbf082a79e35d6bf902cf,NEGATIVE
9d3958e8e28f7dad5b7d1d7858c6a269,NEGATIVE
2e7f9019f1146bbfbc7104205213339b,NEGATIVE
f35e5c54eea3a7327309fac906bfdb8e,NEGATIVE
f7d55a1a08b01ae449a473a50142837e,POSITIVE
c5c505a79ddc56dccc745835e9f36393,NEGATIVE
c48d37b33347398540b6e5b56a500454,NEGATIVE
239a73970c4ac1136fb6a00f92712049,NEGATIVE
708eb9a82397949aa7888c2d85f5b7e7,NEGATIVE
0aa6b1a861aa3d2d1c4ac6d2e49f3fe4,NEGATIVE
62e13de8801f8053735d60b814a0dc78,NEGATIVE
2d3e47b08e8f8b76240fec407af63046,NEGATIVE
214a686622cef877c5173963914ef1cb,NEGATIVE
40d2352f216a4dc21533ddf999ea07d0,NEGATIVE
a9f2828761a3cdf084ce59c9b558dde1,NEGATIVE
f7967949531b0bfeaab9da548afa6327,POSITIVE
2b4d87eb14378600dd74dcf6f18ab1a7,POSITIVE
bd8ec491643bfe40bb5dfeeb49991199,POSITIVE
9324d87418233dc4e1a808183207d005,NEGATIVE
43f0d6314872130a6f71b0e607c84c9a,NEGATIVE
8ecfd2954e2d4aff05d8835e9b1f71fa,POSITIVE
ac6041fc7917b9ab528744bcce6bcafd,POSITIVE
36ad168aa9dc22b14d08ca944489a5db,POSITIVE
3438940bea54fe0b9798967560257d01,NEGATIVE
c523c5f7629bdbbd26f67d9293029eff,NEGATIVE
d957d62e64fa9fefa2b9fa1c445c66f8,NEGATIVE
19e477fa2ac61c2c5acaea51f040060b,NEGATIVE
1521098e59b40aaa78f018f2f2307347,POSITIVE
483b93763ae0c35a0e2d3ef1d16c5297,NEGATIVE
ac69c08dd9756926f8e3449e052a6460,NEGATIVE
2a6d8ec9e352c1c40ab56cdaea3f73d1,NEGATIVE
511ca534bf3713f9c114999fdcf0101e,POSITIVE
1d7d3dc826e14f664b887183a87f3408,NEGATIVE
2fe9705a9df52c92e98a364d845b9be2,NEGATIVE
ad9750b040474d910a1f709b29e07c09,POSITIVE
8bbedf8a0b36c06eb396ab7b24d7f5fa,POSITIVE
96ee881321b4d264843ca2ef61e0ceb4,NEGATIVE
f59ee41217b4fdfc13553cfdcf35f35d,NEGATIVE
0db48397d8b24d209c25acbd7c5d8500,NEGATIVE
c6ce05a5d5a997ec871ebc8147e08577,NEGATIVE
83f9b869dae1d1a2cee37ecaf60ce258,NEGATIVE
9eca8ad5588f9b639b88d01906d08d3b,NEGATIVE
d80ec4156e2a2cd098280c900d9cb5a5,NEGATIVE
6bf14102650b7a286c03f210ddf7d4e0,NEGATIVE
ca73c10464976ce6035691005e328981,NEGATIVE
e0c18bba8a8d71e32312bbe4a689b2b2,NEGATIVE
83b219e8a825fe9802fe5120ec52c188,POSITIVE
620b8f2a6d42cdf19513471cc6900975,POSITIVE
e684c7e3f1533c24492c6f2c8c37d211,POSITIVE
a3607160bd5a91b5afa2be89ae84aac2,NEGATIVE
6dcb626d7f15cbc6ee374516965d48f8,NEGATIVE
b7ff1831229a6e5feaf168529649b40c,NEGATIVE
bdedf6a81d2b2cf73a50d6fb768e7416,NEGATIVE
381ed8db7ffe087d8c6a9e0063cf03cb,NEGATIVE
256907020134248d2f9ac433406a8643,NEGATIVE
24a8f1ba5012bd9897ec6c4f3576bce6,NEGATIVE
f11e3bc2e4899fd9fdd9855fc4d9ae26,POSITIVE
24e5bc002749098e3644505248b144eb,NEGATIVE
bac3cd07c06e1c7fb0f783f781ef6a88,POSITIVE
86711112da8ced83fc17c5bba65f7a1f,NEGATIVE
56016ae89cb41ed09a749203d0a3a2bc,NEGATIVE
2cfe630f5783527db2dbb7938e419d41,NEGATIVE
fb926e7ab6149793ce881271cec34081,NEGATIVE
4ec33933c092374f403df9b10ca62fe1,POSITIVE
5feaeb26515f3f7fdea2ca5215cdad6c,POSITIVE
69859a78b7c397e626ca9357d50ec7e6,POSITIVE
41f071ad304bedf672a443cdc7d096d4,POSITIVE
bbdd113d1d41e20dace0e12de2aff341,NEGATIVE
658e3eea737c1b48587f740ef01eeea3,POSITIVE
30b73d25d4283eccdb0577db1cad9851,POSITIVE
c420c1824f3227dac72d0f20317dbe0c,POSITIVE
ea862a0b4c99248d429d59a28a93420a,POSITIVE
9450d91b6737d305132c4f554b8729fa,NEGATIVE
ab0c4a65615df59a62e58306a0969745,POSITIVE
ebd0fee202f677c1771c130dadcbb443,NEGATIVE
bbd06d623a29caf3c25e31a6d62e829e,NEGATIVE
14842e256c7ea0ce16a8034c182dbfa5,NEGATIVE
c9c15c38dc9324f38b9b150d0d114982,NEGATIVE
43dd38a01969576947ce70f8cd63cd13,NEGATIVE
ce9f4cf4d081e35850a96f092584879b,NEGATIVE
952ed571c789fec911d55017612ab255,NEGATIVE
46b5845ba6ccb237231348e0a6fd07a6,NEGATIVE
7f7a003e4893e02e61dd0080895572d4,NEGATIVE
04bb38b87fb29b367f66ecca9aac99cd,NEGATIVE
b2d516cf83ce2e091fb8a69b15b5fffa,NEGATIVE
24069f52795e97bcb74350f3ed137dc4,NEGATIVE
ccb0faf4dca226e1e86389abdc69e218,NEGATIVE
4f565a009624407005c79446fa83e2d5,NEGATIVE
bb7d42a27e3b3eabfef6a1ad51888dcf,POSITIVE
f317595b3758c4428eb30c0c96c1d682,POSITIVE
3a58bc75e6bb3faa1e5bc6212b2f0c35,POSITIVE
357334fef5ee4a582119d83f52791aff,POSITIVE
315b30f2161520805d80e2bdcd34fc07,POSITIVE
eed7149ef44bc86f15ddee2b7ba0c13d,POSITIVE
67d9722df921c2d3849026d1fdd3bd6e,NEGATIVE
9707c872ff2c9f3e04b1c372ffe256b8,NEGATIVE
53107567512b8027cf07bd86607a739f,NEGATIVE
acfcae52bf3c7677eb379fdf3afcb1ec,NEGATIVE
81fb49a5c1c2a42352a77f8331bd3dc6,POSITIVE
c1b6107140a8e62aa6fae3e28de621e9,POSITIVE
c7c80941c0b5f2e1ac36bd96ec180488,POSITIVE
c691114597910e6aacf7e8cc83ebd068,NEGATIVE
409ff37d7bd188f3eab2fe373f9ab298,POSITIVE
f008198d4fdd42fd66aef4944f52b1a5,NEGATIVE
6a2e5a8ef04860b02af213885c2f24e7,NEGATIVE
a75829331bcdcba37d96fa7a334015c4,POSITIVE
d6ef4cfcf0472063eaa25139f91ea58f,NEGATIVE
3279602d80364a014b0d3ba2bfd07cd3,POSITIVE
9913f651ae71b0c16a4219b5cc68455b,NEGATIVE
faaf6d8b9e5f4dd427635ddfee6a5a11,NEGATIVE
f4fbfc48c7dda21219549f8568ebbf54,POSITIVE
cbb885a9a57e678abd9d38f7f04572d1,POSITIVE
e852ef7772c1e309f793c7e70b51e351,POSITIVE
1b7b5d1ea06e42b391444ebd0a2a8e95,NEGATIVE
ea7cfe32c0d1f09c77912f08cf80e04e,POSITIVE
f20aab25361487cd341a4d69a78dcc22,NEGATIVE
f2aa9fdd3b6ec588f28dd519ec87ce19,POSITIVE
14eb4ee4fafa96dd8cd12d7b78bb67e7,POSITIVE
cc0b88a5445e18bcbb87bdc03234011b,POSITIVE
22f5bba6cf9c740b6d402e5b4a190c86,NEGATIVE
f2e2b5fe1b1d4113a1d211a25b076ae5,NEGATIVE
d3a628e92a0181bebcfc40754cbdef05,POSITIVE
1e8932acdf645a8b7d1b1fa048210862,POSITIVE
5eecfb7d79738b6c52e0334741dae9ab,NEGATIVE
03e621c8bad149470e6f0bc6b659309c,NEGATIVE
793e7e7467ee1e8609dd2c66114cdc20,NEGATIVE
c1f294cad2d58c5109805d927bbec798,NEGATIVE
a0ad35039905e389876540399fd82b55,POSITIVE
58fb4f08d63f8447c20afd4e310e77a8,NEGATIVE
a04031a2276cee9e0bab4be563d5ed76,POSITIVE
aa4dd9c237ac2e0a8f20360db7b3cd6b,NEGATIVE
36afdafecaea4c48dab6ebaebbd5bef5,NEGATIVE
8bb85bd503a3171211c2de410bb0d694,NEGATIVE
b2dd3c814d8c7dd2a69b429e5956645b,POSITIVE
2256a87b3b7f32597147bc85c1a3f010,POSITIVE
d1a3d30810dc86bcc1dafa433d8a41c9,NEGATIVE
21143750bf47d159b9c6cfdfd518f44a,POSITIVE
6aaf7ada4eee84ac8dd7d4a03ea5b942,POSITIVE
e7eeb2163a9d1929d049bee6e284a3ae,POSITIVE
94bceb3c88c174170bc4c9b8d58d46ac,NEGATIVE
61c4833d55bb6810f956fef64de06962,POSITIVE
22aa8c6d17ca479a002d4ccd1941fdad,POSITIVE
9937db9d81683b7b9aeb7b1687fdda2d,NEGATIVE
edb6d6bd3eff5c82c98cf0ce41e64a4a,NEGATIVE
8994d2b11e303284535bacef15c272aa,POSITIVE
b313a11689b081ddad0791529da835fd,POSITIVE
3f37288d983405690d6daaa812c3e7f5,POSITIVE
436638185b8c6d43628d017512f2a9d6,POSITIVE
a641dd5f2850abe72a2798f05820dbc1,POSITIVE
b5651967578baf7884d239f0b97de18c,POSITIVE
14e345ced63d3c66fde34610f2975da4,NEGATIVE
6554e9b720ae1095e9f60db6aed51a03,NEGATIVE
b19a110d02ed06ebbbd21a21f9071e07,NEGATIVE
57ecafaa19ec23aa0e573544cc09769e,NEGATIVE
c64f5a4c9c423dc7b17a1e0f3c0a40d6,NEGATIVE
2e106888963c6b6469b7cb6f32edd86c,POSITIVE
95d7fc5afa4177a9686c9ba0d2222358,NEGATIVE
25416d8245ec8733c08bb94f7613d039,NEGATIVE
86c32964f9661bcfad3b2efdab08f9f6,POSITIVE
4d99bdd05b581d07e9cca48244e7a4a3,NEGATIVE
6fffa42896a1adbe95c0be20db83bd75,POSITIVE
7040860bb2ab877b61ad16a821b76dec,POSITIVE
c32294d3878c0eced18af02c4d43ef8d,NEGATIVE
23ecba14d70eb7e02a9ee7222a5474d0,NEGATIVE
0c0d58b0b1ba5d23921dad10a63c5396,NEGATIVE
1bd6a2e45147b777f18d1bfc0194c491,POSITIVE
574d300d86af552dd71d026da394ff2f,POSITIVE
f4cd1b1e4381489167081e81d0b45bc7,NEGATIVE
c6ef25ec848ff0f3e5d02c2944f22211,NEGATIVE
45d3617322bd7805622cef9d598b0c5a,POSITIVE
f2a86a360a7caf72c212b251b0ebb787,POSITIVE
56458e3c34e47a000fa03bb1ea07282e,POSITIVE
d3ac5b73140530863356ae07f909a155,NEGATIVE
2c2782976a9b0cab3f795248b1f8d157,NEGATIVE
c1dda3c296fc21c10988e986fa36ff7d,POSITIVE
d58f8093e5274262be32750b8d842745,POSITIVE
e1158cc952fa79439462cd496e987755,POSITIVE
3071b62d15b08337c7f161e985cef668,NEGATIVE
71e557815c353416f34a29fa80e83b52,NEGATIVE
810916f6a4a1abb8bdedd35e7740adc5,POSITIVE
bd4509d0e35237c9103f202fbe1563ce,NEGATIVE
910d877b6a8627a050147af5b3cc064f,POSITIVE
90196f4ba609b1f5858270644cac3eef,NEGATIVE
3c658ffe4f9fe1ca09a1e1ddd0e0b33c,POSITIVE
e759b0b0be32bd58557bbac7c92a1ee4,NEGATIVE
fd8bd40247ceae3671b994406848b11d,NEGATIVE
d2ae088e2a9ceab3ae1f498951b36cb4,NEGATIVE
35531f80292725dde531a0a4949f47b2,NEGATIVE
95ca8055ea405cfcf90d8295d33dbdfa,NEGATIVE
eb1b040b8375e404aefbc7c190343e14,NEGATIVE
27b378826315aaf0d9d7818d358fe623,NEGATIVE
6cffc352bc9865506e40489fc1d12e98,POSITIVE
a65c185e912d81356b36684e61801b24,NEGATIVE
08e83a98f84a6d7ae22b8652b3939725,NEGATIVE
931bca25ff9df72d86e443823d87e269,NEGATIVE
8ba0e9cea8fb9bfab4e7bc44ae2e6367,NEGATIVE
c5f61a03509e64e1b77dda9cf9840170,NEGATIVE
85dd9db29342c98ae969134f0438c241,NEGATIVE
60008cc33216f817df7593844f23faee,POSITIVE
54c05922ad3effef8301bf628d364c80,POSITIVE
a7ebce6ad3d84e2bc60582676850d5f4,NEGATIVE
2f6310f46d6554bbeae99a6bed8c0227,NEGATIVE
1b9953dd1f8f0c865c7b90cdfe0dacee,NEGATIVE
c653e51410c3809dee95466480dbf820,NEGATIVE
7edb7a3f213088b58bcf44114ba5abd3,POSITIVE
04b3bd41aaa379a9d14e98943ff51e4e,POSITIVE
fbc4dc07674508c53ab32c639ced3659,NEGATIVE
5f6a4a580160ad722e1758e2312fafdd,NEGATIVE
1221282ff0b4c75430307064557773dc,POSITIVE
99f78e0e8018b11890c37b79bf94a3bc,POSITIVE
31725d4fe1ea703c7137adc17b954770,NEGATIVE
d349ebc509c82968c35da65694ca3225,NEGATIVE
1258121be4e4e45843fb9963ce911e24,NEGATIVE
2e9e76ec57edee5b35aca87c71f111ef,NEGATIVE
a0e2d2d4bec83a17da5dd4fff67769a7,POSITIVE
4cb907eb18145e534260ea5c22f8b121,NEGATIVE
378d218b2591429048e71695cac63658,POSITIVE
40ed57a835e899bc7300515b664ae18b,NEGATIVE
4426a3a062dae28b17cf1def00519a82,POSITIVE
adedda605fa334cf2d1da9c14140d6df,POSITIVE
bc1a4215d6eaa7be34a117428cc2b56a,NEGATIVE
35f7543e1d2a53cdaa6b386e562f52e2,NEGATIVE
0b63277361732b9af45cf5d8cfea664b,NEGATIVE
c71345abfaf47256e9db91c1e1ae67e2,POSITIVE
2aa072baefdb56e2023fb9fb4ea09a67,NEGATIVE
fd571f692fc0ac723e72e8452e71c997,NEGATIVE
8d23239bf25e3c93365e94f976e7ce51,POSITIVE
78ec2a558ffd2cf60a8a463512745381,NEGATIVE
ce1f43b9bd62b5520f88eb6adc45c6d3,NEGATIVE
292dbfaf44d3d3e75cb3d00cbbe543b6,NEGATIVE
de6bbffbe66294473a3a4f33253e64d7,POSITIVE
b9f88efe3637477c9ea60b73e034ad39,NEGATIVE
50bc730e86374c5d8a5f388ebf1cc59f,NEGATIVE
450bcc91768441ed0588be20fff0aba2,POSITIVE
7aae406ee482bf8f3b9b1f283a7509ce,NEGATIVE
1e82db5079a34f3708ef44006b95b718,NEGATIVE
92f65a98c9d556826e4d1a5e8da84b94,NEGATIVE
9220398653aa60043f09f6bc317e519b,NEGATIVE
14618589b97aa521466c354123df212f,POSITIVE
ad37d45ab4cbd2c5e5e7424be244c091,NEGATIVE
94dc69e5522031a5bb951b9ced1925ae,NEGATIVE
ddde836915b3f47e811d939fa9a1ee7e,POSITIVE
60ff6aa53197d04f630746fc14e31211,NEGATIVE
82db0e25e35b46a552eff6088ebafa72,POSITIVE
1c12867cea14d21886c9771eb5d20285,NEGATIVE
d0323da33604dcebf240c55737f9594d,POSITIVE
93297ecb863b4aab087403877ab21975,POSITIVE
6943aba8bb672f52cf77cd9e7fa1895b,POSITIVE
3bc7e7b72920bf1d61dd5d536e32bf4f,NEGATIVE
305d34b97bbe49f40cb88eb6b0267bde,NEGATIVE
d6c4771d45870f8236168908cd2ca637,NEGATIVE
4a61d840077b73e19571f3f051b289dc,POSITIVE
e6dde3e134c806a32c0d3bb77fbb30c0,NEGATIVE
2bdb507860ef78ba725f086035bc1fd8,POSITIVE
960027e5ca53435f2827c0e664b7e4f5,NEGATIVE
e64ef192ae6768b31474be315b255071,POSITIVE
297a69a9460764ab49f4e1ddf859b40c,POSITIVE
d7d447a4f0595712c7a16536487cf37d,POSITIVE
be1aed2ba11e7b082c488e3cb479df12,NEGATIVE
fe570422e8dec236c2554ab78da096a6,NEGATIVE
2921b51f731c9bf9e32abbfcc24d1b48,POSITIVE
af6744380332830c4f1371acacb2900f,NEGATIVE
a41fe7dacef2e9d75bcb51c6ec7c239d,NEGATIVE
36fc3579ac7b3022e2241a39462b708d,NEGATIVE
50bc44fa72b210a1f53178ddabf4213f,POSITIVE
63237bd2e0fc512fe7e3045ba2f51290,NEGATIVE
0153e3609b32c3129f371db55ff9fe37,POSITIVE
6405e9b205d1de99e995d3d75cd4b1db,POSITIVE
fd24ef34591626f7895ab509a3d2ffe2,POSITIVE
74c35f7847dcc2c3eef76e2d68365f6e,POSITIVE
2c5d065853964edee99e66103eeac28e,NEGATIVE
b1e8ca4841f2c0594a90713fe3b0521e,POSITIVE
7731cb4fb0cc6f4c74f2e2ac267c2fdd,NEGATIVE
12d410b03007e4b179752f4575e4d1bd,NEGATIVE
1b3fca56c86b5e686277f02719228684,NEGATIVE
1695cdf1280fcc676d1aefeee7d5018c,NEGATIVE
1003133a5e8ca7106d47f18e0530294e,POSITIVE
da02ed91662f229327c0bbc5d2b7d723,POSITIVE
ee9f8342a870c83f1efad8f45a66b4da,POSITIVE
b437f7ff54c2d9f1ebbec617780e3925,POSITIVE
a1bb36cba6b2d112895908fcea968459,NEGATIVE
487cc8fdd416a1b2518f4f7bcadf2e40,NEGATIVE
08844339a2f7d2fd2b662967dd4c0f9b,NEGATIVE
c6d569c22561dffd04d3d3a88db63798,POSITIVE
aa1d82de8ba60b5a164b1b8263d5423e,POSITIVE
39a95adfe8b8308fa76f1c5b19f8afc1,NEGATIVE
0b66995d012090bee893642522732607,NEGATIVE
5f6aa5681bcc212d6e7890b038036b76,NEGATIVE
0b333140e392472d4c179e2c7f075368,NEGATIVE
75beb58a4d5fb3760cc53987206b02cb,POSITIVE
6a242f8a29072c03878c49ecace0eb04,NEGATIVE
813d7b2a7481bab8db27ebe30dcc0036,POSITIVE
0a9a7fd09fc4ab4ae977ad9830ffd175,NEGATIVE
99995c29ac1c448129bd52e94a94f8e7,NEGATIVE
0d6dd89e6578204c556fac2efaf77a07,POSITIVE
ba702d06ce8dbf602b856295b8624206,NEGATIVE
587c106f1cc97befab686aa2247b2d53,NEGATIVE
d22430300bf229bf2ffd2ce3568649d4,NEGATIVE
3fe22bca1e63b533026b48a7e6125390,NEGATIVE
819bddcdb0ddfbe0f1df7aaf468f34c3,NEGATIVE
ae2934aeb1ea5d75cb255da28084668f,NEGATIVE
2f107593fdd91e9235e9e0f59e139fc4,NEGATIVE
2d22259da3e971e3f8f2a9def51e0e7d,POSITIVE
292ee15a666fe36c18fe82d9bba43a8c,NEGATIVE
c958fe82fa1a52c25c65779c65e9bafa,NEGATIVE
a7d5f178ad5ba170e7f7a251134f84af,POSITIVE
e72e8582732fafc98d04d907d12624e2,NEGATIVE
f6cf738d9e36a37907aa734468e8df0c,NEGATIVE
c8ff89e072ef171d58c5cdf02e5c0bf4,NEGATIVE
023cc53646606bc2627eba2264f1e8a2,NEGATIVE
d0441c1d1ac2aa55f70460f66e30d5eb,NEGATIVE
ddbec67180d10c6b7120a4dd8b29af69,POSITIVE
a38c37b38b74da703124ab5d125c0731,POSITIVE
196512b52219c8109d6d9772b9afae63,NEGATIVE
27774600e60dab907c1ec79971ec4a30,POSITIVE
5d509eeb6ca87dfac17787d0e3335cec,POSITIVE
be7454c313dffe46bc8e3fd08cd11fd6,NEGATIVE
a397b4182219225ff8c8f6ba31890e6f,NEGATIVE
ad967fbf946acb433fe260a706f9fadd,NEGATIVE
29a4966f586ae85fd1a5108d47194786,NEGATIVE
91c8086f2ff45c232c90eecc9e18d769,NEGATIVE
6783b41248a03384e951002c8a5e65f6,NEGATIVE
483c46ddc7ef2a185876f995194389f1,POSITIVE
65c031fbc32557fbb541521a20b08335,NEGATIVE
6c461390c5fc346ad09dce669a26f949,NEGATIVE
8cc0d646de5a9dcba606fcdeb1b494c4,POSITIVE
1e37167b00f3620e215be530fef8f818,NEGATIVE
42f520694a93937b7c50648842e95e80,NEGATIVE
8047d8d3614e17b0a03b7a61fad98d59,NEGATIVE
8f105e575e0dc21384a0234b2d2beedb,NEGATIVE
cb77b2e47f936d953183435372e7adec,NEGATIVE
529462fa3b8ea85b178644feaf9abd47,NEGATIVE
5d53c4076cf644c261a05ceba18a9d9a,POSITIVE
d58ff7a6b78f6aacb613278eae6e930e,POSITIVE
5c76183a09871ddf0b08f6f86621b5fc,POSITIVE
4059484e88aec2d6793ba16628a7c335,NEGATIVE
f47413482faf742835bddd28e213164d,POSITIVE
2b456d0b072867ff2761d0ce950404a0,NEGATIVE
afd74f54d0c3b2f1e42d931e358a710b,NEGATIVE
a615d132aa77e2d4c2d3c689f3309e5a,NEGATIVE
f98a6fcc63b274c24c8c198170a2362a,NEGATIVE
8205cd1bde7930e0608756cb41102e80,NEGATIVE
9c64f7f6eb5b4c5ba4eaf2670ae1d2d1,NEGATIVE
0a18dffb11772ce778eea20b42703e48,NEGATIVE
8c6ac7438ac7f4e48cbbcbe48207d73d,NEGATIVE
3f52a6be3a0d5bcc0052d34ed757366e,NEGATIVE
e9ffa95236eef98a9f8d304b265a2773,NEGATIVE
962fd0bdd9aedb1e014e016951810ff8,NEGATIVE
6429614a83f9a6fa0754fb132998ca66,NEGATIVE
06b6adef92e1217d317748776e789349,POSITIVE
a06f525d0d000c3cc4f377660d5c245f,NEGATIVE
88685cacf38a963a79c094eb70f9d0ad,NEGATIVE
c01ec741d6e0f24a903b7fa0e01fd39a,POSITIVE
9325a78beb42cad7409e04dbbc66526d,NEGATIVE
7cd7c534193e7bdd08a4a2fcbc04ba9e,POSITIVE
592ae604ba29c5e0255dae0586e6b169,NEGATIVE
d402507a9519888128b76d6911d5ce2a,NEGATIVE
173a2114a705d31d5e00ad02bb7439ac,NEGATIVE
7443e856be3cee02e7b31a336ccbe71a,POSITIVE
7cc3fd469acf9f945981367764b9468a,POSITIVE
b690c8fc1eb1e5d6a1b0efcbb057618d,POSITIVE
8bc06d5517feefcb6a6e71479aaa0819,NEGATIVE
89da6aabea55e09d92a22ea669c25721,NEGATIVE
ec132315da12f06f1f8a7794bb29cc11,NEGATIVE
07630960ee5cd8484091ee5919aeb481,NEGATIVE
a24c1cc8cea05704c2db68cac4272903,NEGATIVE
f5f8238b1bf03949007a7d4f3f8d6582,NEGATIVE
a08e669124ec00e0370bf1180e38ff46,NEGATIVE
0fcb0cbfbe497f20ca211122446c4e4f,POSITIVE
a0ce9bd56f5eb46b8100eddb2df62a68,NEGATIVE
e0fd16809428f81846c9a9024ec05446,NEGATIVE
2ee9fd7b7bbc4279ef30701571dad4d3,NEGATIVE
9ea5c73e3e4bc9084aa9916986daafbd,POSITIVE
b1d43705430d4fec20caf9dc9ac0b4d0,NEGATIVE
cf3312b335ed04d7daa2441067286902,POSITIVE
48d085cd7aa031f23922e402ba81d796,POSITIVE
7272110caa4eeb3150c9ea093959e9d7,POSITIVE
0750f21a37acdb70a6107ded8ca6feba,POSITIVE
37fd5d40f9e81ab0bbde1e26760b81fb,NEGATIVE
0693cc94fc2a245565b8813b75839a3a,POSITIVE
49520f1ffc08df7f94b3ec628a3ac861,NEGATIVE
8283676ecc5cc6f38035f5c640cbbcda,NEGATIVE
fd94a0e9a407e8a45334a2a3772924bb,POSITIVE
dfdead7ed15fb55baa57e00bb6e790a4,POSITIVE
5aaa25469aa48114cbd08a06ecc81892,POSITIVE
a0b031859806f4f9dfa875f3e5c97104,POSITIVE
21ac1228f5ff88785b02ca98e799c488,NEGATIVE
9141c11115e13be383729c015ef98aea,NEGATIVE
1288d601ce111b08d4ffaedb3207db9e,NEGATIVE
05dec1f0140f9a98a405c7b8bad2412f,NEGATIVE
39ca0b99643ce2dbcceaa845b4444c93,NEGATIVE
264ac125aedd905781d0d43a1dec2f73,POSITIVE
be47b250a9fa724798b63740367f57a5,POSITIVE
7b183d780139ef94afb42fb136500192,POSITIVE
37f8adce9b32b283fed6556219de89e3,NEGATIVE
3cebcc37e7a5c561d4580681116cb077,POSITIVE
aa8df5ee6e8c0af0a45ed0a466e9e8fa,POSITIVE
1053cbe8451ecac58827054511a2fcc8,NEGATIVE
f34e605152dce6ac8e9448755f9c1d46,POSITIVE
074a4031c4d80c726c117eee6f156a14,POSITIVE
09b5d01870e4e66f6dad846ebbc2576c,POSITIVE
4e7bdbb64a2b96628a7ea2b2ae514c07,POSITIVE
fe27c2de4330753b4bc8538c32aa5c5a,NEGATIVE
5fa32135083079f8299382d2f8aee848,POSITIVE
e6bc006f1eec5f0c0bfb12fe2febc12f,POSITIVE
e5a7f7233ed71c4a174f577cce0dad83,NEGATIVE
31e6db6ce960448b347f444e57d0ef02,NEGATIVE
0baef470ead3bbd06c95b4419e81d9ec,NEGATIVE
5be9676c78366cf5ff6b424bc1f88797,NEGATIVE
5694d3ce064945dad55a2123ce2fb8d8,POSITIVE
b1d24d4c975eca738501ae8de0f95cc6,NEGATIVE
75e4aa07c35496fc09ac2ef6602b6a00,NEGATIVE
32132c2284422603589f78d8bbe4ff4a,NEGATIVE
a321a795bd81eb35f43b87b8d90dbd70,POSITIVE
79028d2f03ab75e107afe1eab9707860,POSITIVE
1bc3bbec82ed7b013328e5672703832e,NEGATIVE
ced669815279f9d4b75ce81647267688,NEGATIVE
2807aea06afeb5179838fee43b17adb9,POSITIVE
a0705b749ae6e0370e93bfe42ceec29a,NEGATIVE
eb7a64666b69eaa7cec4e8c03721bf5d,NEGATIVE
738005ed240e07f5b4a03328d313fea1,NEGATIVE
4b0b7e4736f62fbf2a24d034b7be2a0e,NEGATIVE
03af40a59af69117aaaaa888a3d1857f,POSITIVE
3712896783fcd77a89deb3f7610770ab,POSITIVE
10c4b25a91ea714592f1d584442a7a6c,NEGATIVE
d58f719e3ac7dfa82a4ff81b71212b4f,NEGATIVE
027157367ce7e9ae4a93bd94f9518b24,NEGATIVE
b70b8311b507e162b9893c05d56dde24,NEGATIVE
03519daf4895a248b9a0e933dd8be443,POSITIVE
3eeb2cf72c3ef2f727f5d0f3efee87ce,NEGATIVE
662aca53704d1699782bf34bb9c36b7a,NEGATIVE
faac1ec665bfee090a08e386849bafe0,NEGATIVE
6ed1c0a4f59a466a3f28c363bbf2f20f,NEGATIVE
9b9c7c34e2e29e2e7d75bdca46649876,POSITIVE
f080fa07d7f79ff070482fa6dbe4d031,NEGATIVE
c9880e0898f64bca87194d64d00e379d,NEGATIVE
6e82268205371793463a280b4e4d3478,POSITIVE
67e4b8c7811df939657c167383ffe607,NEGATIVE
637ba5620b46b78b21c5a5c903d448c2,NEGATIVE
97bdf40065d900bc910ce22718e1b6a6,POSITIVE
78ad4aafa574e8993fdfdbb25389bbce,POSITIVE
a45eec4b38d4d8d054fc3756d580184f,NEGATIVE
6bdaa2d2f80ffe41aa22dfa81ee05946,NEGATIVE
6467531c3b8699cd8c0a34a1e78ddb01,POSITIVE
2c29faa32d71b4a8d7ae9ebd89446cbd,NEGATIVE
eb71dc3cd8e2dbebe5f30d91c68e3472,NEGATIVE
2fe03fb0bfac4ee2c34e41ca920cc0f0,NEGATIVE
fde4881a97c182c5839b99a8eda0984b,NEGATIVE
4d7411e3a70212b254792b47b9ad6224,POSITIVE
9f97802146b466981b8b3f320654329c,NEGATIVE
8aeb84df1a4dd91802e0396fb7e3f736,NEGATIVE
026de2aed245762e6c01648b9d5fb214,NEGATIVE
cfd858373a5d343e2a365e91368b08bb,NEGATIVE
60fb2d9bae8ea939131ab8c1be196477,NEGATIVE
43bc48715ad4e1df2555aa92d3417e58,NEGATIVE
d6af6e160c3f5962c561a83769449484,POSITIVE
e22bc6b5e55d8a2eda344fd8a1712172,POSITIVE
83d13fe052ec493455444589480f2354,NEGATIVE
a3cf943fda08e15ab00402c6c2bf8a89,POSITIVE
6eaf69149c893138d9b1e1cdad9a2041,NEGATIVE
c6415c974112d595f4f2be32402f47e6,NEGATIVE
3562ca5603f5d26056ab2afe8922b29d,POSITIVE
7bb2a3925281da4822bfe9ae1f4e3fa5,NEGATIVE
6f1df777391f0079d1a70c5b2dcd4646,NEGATIVE
608c682794af0086ac5c80f442168f3a,NEGATIVE
34201e782e02a01bb72a21dfb5ac2f97,POSITIVE
23922a923fa9d3affc1e1b58dd03f3ec,NEGATIVE
3765c4fb9400941a0686f8e8109e9dd7,NEGATIVE
98d5f1fe733025548a302d2dbced3d18,NEGATIVE
ead190b59613665560a792cb327f5c6f,NEGATIVE
99a6d01adad5f80b91a2a6200c5abc55,NEGATIVE
02435dc46d6618eb6eb40b99eb8b84a0,NEGATIVE
ec2f6af06095685b53feef9aa43cd2d4,POSITIVE
744501c9097276048dda8f4644103fa7,POSITIVE
f4971135352a126f26d20f16f5d4e4ff,POSITIVE
441db0f5c51bd0e97692455fc54d2587,POSITIVE
450b609c2f0ee0c63d5676e455a26b71,NEGATIVE
8a1b780674d0b505be0dc52720a18e42,POSITIVE
00909053267c72868d76289ee74d57af,POSITIVE
59eab64cdeb97656128f2b916b695a97,POSITIVE
76b7e31f948d98af78f0a2e460d2d8ee,POSITIVE
585b2ee10c162903cca1541efd37fbee,POSITIVE
c70c7f1cfac05fe1dd4ee30825604523,NEGATIVE
41b16f5b175d8da8e9ee928eccac953f,NEGATIVE
0a72a5735d86ad27ff196ff5ca8179e9,POSITIVE
cdbd2c58adc2c08a4389eb3a9590c781,POSITIVE
2526abb2fc9e61bc25f6dcce478dedba,NEGATIVE
786006f88171e254ed6ae384ca66bcc9,POSITIVE
9b88daa6d3d1ed0aa0546d5757ac1bf3,NEGATIVE
c39465615389709fbddbb803edd9b875,POSITIVE
90b5302b908f9e32e24d8c8724dc7ce5,POSITIVE
91389c86b99c0dc229bf9094f73be3b4,NEGATIVE
9988ea42faebc4574fb03451d8862173,NEGATIVE
45212ad9e27bc52f96dd4b10d0d8d2c8,NEGATIVE
d6ca70c0594e7fae02f4fa83efbd0089,POSITIVE
51e19f91c8d70d75c81816fca202c630,NEGATIVE
ec5e1fe4cd815d2f285689a0222a7f24,POSITIVE
a6566b2d83497183144647b1a13dd094,NEGATIVE
12c4926ac77913ee6096699a62ba3bf6,POSITIVE
76a943ff9e7dd80433c284ab3b540ab0,NEGATIVE
5b28e89d4aac242a0e051bb9bdb0ac93,NEGATIVE
155cb2011dd87610d210774e62431000,NEGATIVE
6d280f45dda8a89e84da77171eef595b,NEGATIVE
f2f194860dc1ff3088542795fa7d487f,NEGATIVE
6ee21dd9eb255c8c56dce53d7e99ad36,POSITIVE
79fdcf62916bad589935b2f1408c25c8,NEGATIVE
540c78a086cfa85c9f52c51011b54a2d,POSITIVE
4c1d180314f9eb2d83626d80c41ad303,NEGATIVE
665cb19de4b2a97dc797bf968709877d,POSITIVE
3c3a0dc4b4e0d2ef25c2928b6134dba8,NEGATIVE
9652a1c41ce2e9372a1f04920258c162,NEGATIVE
8e20eaf16684a3f97776bbbfde8e8606,NEGATIVE
5394db3163d7ed12d91fadcc9492de34,NEGATIVE
d1e3b20c12db3370ba464bd16b145ea9,NEGATIVE
9dba5a388f9069d02ce4ba610fc4cffe,NEGATIVE
2597284f383df75f000432bb5fbe509b,POSITIVE
876e2f42eaa1a1ac35434de6ac6156a5,NEGATIVE
7d35d54eb7798b1d22058db645262a6d,POSITIVE
16d1b07fbd699b96ae184ba3ccdbca77,NEGATIVE
25afcac190dbcf4e873203f78115e996,NEGATIVE
296b2eb5e7e2a7195f088b18ba3c84ad,POSITIVE
31a2a36231ad01b8b30c6261e8c619af,POSITIVE
a1cc8cee0951f35af90e3d8132ead2d2,NEGATIVE
1a660ec375571ff88e4ed01231c6a769,POSITIVE
330ee87cde8b248354571902efa8b103,POSITIVE
97584e868fb4cc78f85bfeee5718f704,POSITIVE
d4018367cd7e688c2fa0e61ca8f6a714,POSITIVE
08b42f411e30093848c6c064320ecaba,POSITIVE
bfa7abeb7e3c6195e2b39260efc800a9,NEGATIVE
27a3532eb67518de20cef7c4ec9d039e,POSITIVE
b72ba2f7388f1a1614503fae317a57b7,POSITIVE
f33a7ecabc5d0d8a9ecaa35726f6d1b1,NEGATIVE
f4fea9c58e6079fcd3d31c96ed2a5def,NEGATIVE
a4d3e592ff400b9e8649adbc98faf3c9,NEGATIVE
0b02a11e35dcd17654a19580ff9df9c8,POSITIVE
35a6c71f705d9d2130e2c7b12f83d284,NEGATIVE
9f3640ad8487322305f8107834c01540,NEGATIVE
328a5fc2316b4f097d0944c3e83e2452,NEGATIVE
52a3ce2e4d999eddca460a43913ee474,NEGATIVE
3404eecf20c7510cc4722420af318bd6,POSITIVE
bfbd3267f8bc8e0c3d939e53465bffb3,POSITIVE
bd7d48036a475ce58f391c355dc444ef,POSITIVE
4edd5531772670fd470f0df6a002e3fa,POSITIVE
80d5b02bc7c87c3ac1850dfb429939d4,NEGATIVE
42f83bb277931815e53d881264f38980,NEGATIVE
c3866c10346fcb3541944b95f95a5a84,NEGATIVE
40dcbc72414933e9449c864627a1fe2d,POSITIVE
1c7efd409ed7081fd065154ae89399e3,NEGATIVE
ac2d283c157b9edde1585fb07ea1f660,POSITIVE
5a493ec8669467bd619df071d4cc2bcb,POSITIVE
779ba5a0149195c498da80fe02dcd2a3,NEGATIVE
108ec8fe86b44770ecfbc6ea924de7cf,NEGATIVE
cf76b629402202e0b62af21d6c0e29b1,POSITIVE
f5689a20fe271b30a21cedea98957f01,NEGATIVE
02e15006aa841d646c5e4125e107504a,POSITIVE
487ea68218326c337f701e668ef44b00,POSITIVE
5aab87f3992250a884ebffb3f3a686bb,POSITIVE
d6d1f0a935f85b11a6afca1c982938a6,NEGATIVE
47b67e5a1d19e156256ae60197324552,POSITIVE
ffe87354d67f3b304a189cc69d306e35,POSITIVE
ed38a26adc39a0f6a4e890081d1d859e,POSITIVE
22c3f22135cce1c07c3522b50c33b173,NEGATIVE
7fe9c02a85f65dacbb640f7682999128,NEGATIVE
f687ed8f3825df9b75c9e306944cf0e0,NEGATIVE
f0cda91f2895cb34304f7a887be39a20,NEGATIVE
ba0385ef90dea558736d5ce238f6d468,POSITIVE
77ae4c7f99d8ab85f88681af91de9b2d,POSITIVE
a0fe5629cb530158ca1ad284d5b4223e,NEGATIVE
bfe52a4a2ebd00be2edfe172cd64aafb,NEGATIVE
83a81b463ed1516c50457bd8fa282ca5,NEGATIVE
e9b21d8467e7d475d8aa4332afffd021,POSITIVE
2a88b819db519071da9171adf0d07c79,NEGATIVE
bbd158ff6aadfc2e47794dfbb0f29692,NEGATIVE
803cb64cd5916940b0684234c673affd,POSITIVE
5ee88231f28704a38f166da31e216616,NEGATIVE
d9394f40283ce7ec91dbca663eaf8135,NEGATIVE
532685d14d960bec202d4c6c5aa6683d,POSITIVE
3b211802052b1c5c69eacd989db6f05e,POSITIVE
f157cb9742e737c1072e09b2a59fa3e3,NEGATIVE
68a527668e2cc8fdd495e8116371be8d,NEGATIVE
db93182f34da9d5ab20a86476f9256ba,NEGATIVE
00a0214dced0bb829e74294a53ae29ea,NEGATIVE
1a71ff1be2c4a9cc3a62c5e88f73af70,NEGATIVE
b245aa57a7a78b8f9556bb7de268b0e8,POSITIVE
b968822d6fae498d8077056ea0bebf5e,NEGATIVE
814d32d1fc66254d58e4e33b8105ff11,NEGATIVE
6ebc3d5f78693b8bec6a5b2fcfe980fb,NEGATIVE
e722dc558843233af6beb8b3909e39c4,NEGATIVE
c2713e2ce2671ca05d43c953df91e7f6,NEGATIVE
d94ff42613d4fabea6a01d7bbc62961b,POSITIVE
859dcc882402143d7d526f14a67c930b,POSITIVE
80bc4d2d95dd1a38d8f8e55fbd8d2c4c,POSITIVE
c58af5c727645f203307f04a7851259a,POSITIVE
1519e893c45742b571cca4ee285fe1e9,NEGATIVE
afd9d37cb5331089b912effa75b6aacd,POSITIVE
e727cf4a16f88460c5f5c50723f3b025,NEGATIVE
2ccd37e7b9e137383d0765fdf75a3775,NEGATIVE
3c2203b49074b016003447e5a1dcbff6,POSITIVE
347ea69f641a80ad61c487da41479d43,NEGATIVE
df30c5ea6fdbf5a12f9de21ea8fb89ca,NEGATIVE
b866aad08c469be190dec801c54bdf60,NEGATIVE
4d264d51c362abf8deda9c0358d36946,POSITIVE
f0fde5eeea212527118457eaadbc0067,NEGATIVE
8493f6ce3652204d5077d8b3faf15b56,NEGATIVE
67adce4480ee977bb27bb71546e74f4b,NEGATIVE
f23271bac33d5ac802a8599e5f946cd2,POSITIVE
36c24639b66236b869f1eb8c447afd1f,POSITIVE
dbafd73439f1d830424000b8489a98d3,POSITIVE
deabbbfb21ee4ed86836ebcb10ea1a07,NEGATIVE
497e73b5ae4df0069ea89fef7165c058,NEGATIVE
90f25a0f064757771b6f3c3b3b1e4a98,NEGATIVE
cb0a9670f88b909b66001d115272ee01,POSITIVE
a2ca73fcf73ccf032067b1359804978b,NEGATIVE
68dda7a8c28222e5a7cff1660e203072,NEGATIVE
458acd4c4abf24a9a75bde24c38daa52,POSITIVE
aafd212a52e29e64818ea792a491042b,NEGATIVE
e0baf966f278a6992f1648be29f1aafc,POSITIVE
6aae7de139996b666536733cbbc20c40,NEGATIVE
ffe37a1f8f7dbfa8ff900c537415ea59,NEGATIVE
e515b16d9061e530140feceb9f6cdd72,NEGATIVE
cac68255bcbc017617614a05898d1b1c,POSITIVE
6945f3aa050b21a99b5d08c672e96fcc,POSITIVE
d933df5515e4a49c700e1b55feff174a,NEGATIVE
e02459ee71815a49c2b2563ad9f0e857,NEGATIVE
1a1b4c30db6c23a0c72215e32952704f,NEGATIVE
775c104549807a06a9d7e14e323300e4,NEGATIVE
e7510d7f1ae143003878cd9ae10cadce,NEGATIVE
4983bc372d0c78124beac026949b658e,POSITIVE
dad47901d0428aedc44a95706212100f,POSITIVE
2d4549883f35572c9eed09558265ece6,POSITIVE
ca3a1992118e25d8f6271886202aa209,NEGATIVE
e2959a9c3a9ba040f5ff7793e2d22acd,POSITIVE
225ac1d5a652793b2c427ddc397ec6d9,NEGATIVE
2e43ab7242852d5deadef47ccca28b55,POSITIVE
c0a3f3f18412bf31124dab49f0bd57e9,POSITIVE
d8b9e480e2ed5908b3c56e2cbfbc6f31,POSITIVE
e209683d98586bc399fb73fc8e85f9fd,NEGATIVE
9f94a4591a17b2c87ce061bd3abdc3a7,NEGATIVE
bd5277cdb51182e0a74e4d914de56ec0,NEGATIVE
dc04903f9c363bde1323ce43bcab5065,NEGATIVE
5eb7f5f845649679fcfc36c24dfd0702,POSITIVE
e1cfe6a1d1b10c43e6153eb3b0c35945,NEGATIVE
5644fbc0793ded47f5e2366d04f9ddcd,NEGATIVE
7fad85071ba8cb3a7c738a72e105261b,POSITIVE
253dd4b7b4cf211b813ef6803d125844,NEGATIVE
10c275106d982a953096fcad64f52afd,NEGATIVE
e0cd67eb7c230a0793826964c1803c76,NEGATIVE
ab6582c1a7b85378f9cea3cdaed4932c,POSITIVE
543e58461a09bf5f8f31d5ceb54cd44b,NEGATIVE
30ad4bd868050cea65b9e9d3aef1cc67,POSITIVE
13a4338ce492a512adeb5619c970c72e,NEGATIVE
050f23dd5bb77a888b37b86dc2845c23,NEGATIVE
4304d85376be527df112a2d0f2447e8b,NEGATIVE
78b129439db9e9f8334f61f00a50c845,NEGATIVE
960565601c070cae1641976cf6b53587,POSITIVE
6cb8a5109516647a119ccdd376d0eb18,POSITIVE
efcf855de724cfe5ae8823f173b47038,NEGATIVE
0d2435d4374d5d04739287c04e745c39,NEGATIVE
1ca4f2d748414fc12edee600e448aaae,POSITIVE
eb39a7355020badb64739fadc2d8df9c,POSITIVE
e15c254d3200416ec65c0474756db46b,POSITIVE
9c73c2d44015e4436f31b84196605160,NEGATIVE
beb1725d7407c6827793e4a080b9d1d2,NEGATIVE
15649309fa6e7e5ba1e70b78f8328c53,POSITIVE
8ddd0ad0c64bdaf2f2eac6204d9eaa12,NEGATIVE
73116604df568120b3f650c00127530b,NEGATIVE
4739158fa37d3941cce823a10f461da3,NEGATIVE
f9b3cbac2ec1996a02936d9042da8020,NEGATIVE
9d307423437afaf3f0c231b1ac5ab1e0,NEGATIVE
aa8d86609286eedcbad0cbe204e5dafb,NEGATIVE
22d548c83bea3a594f7c2fb231c755f2,NEGATIVE
3a16fb1a085139f7381a5956d9287e7f,NEGATIVE
4f8948383ea65ddedf2f0cc3f91d5e2e,NEGATIVE
caf704b3fb9b5247f91f076f7720b862,NEGATIVE
6df03e4cc29afde7399c5b3835f3b11d,NEGATIVE
180a4d375df70b417507c59fac01f39e,NEGATIVE
eab6e83fd0a2ecd3f265fce0182cda1d,NEGATIVE
1f43dbdb2378dccbbdbc57958b7f79c2,NEGATIVE
d4f243a9f2bfac3233145da344678472,NEGATIVE
3932d04928a85c89796eb9e3a57139be,NEGATIVE
11b8e502a9e9a24652efbdc100362202,POSITIVE
a9616ce0d0a6d13efdf93fb6e6fad872,POSITIVE
c773a9a14382b3c4fe03fa1aa123ac3c,NEGATIVE
7220c633c8f5bb93187b13d59d76e115,NEGATIVE
0db9979f05ea29088860143153129eb4,NEGATIVE
e15b01ab0bf7493b4e1cb0b1c4075fe0,POSITIVE
d59be15d271d88a22bf72ba07e24a889,POSITIVE
04af068ca0cc960b458bc2ab07882e48,NEGATIVE
cd7da3c0f8bafbd21874d9e8ef69a71b,NEGATIVE
85d4148b83f8ab9ff412ba70685e0287,NEGATIVE
8343de228b10e735e0bc0a12d80f31ed,POSITIVE
5cf7d82741450b787a744aa7a3ae5cef,NEGATIVE
65e563dfd52e57bbd6bc39ae25b41762,POSITIVE
4b18fdcac68597914f1e0c3f1255fd34,NEGATIVE
7e14e70e49faaf2501918051681550ef,POSITIVE
5c7196a6d697c435588029f9426ce126,NEGATIVE
bf92507a09c9cfc74dc00d5df4391980,POSITIVE
26cd5ff528fdb9bcfcfb232a9dc20152,POSITIVE
ab202631a06ec6d74c35dafcc199a69e,NEGATIVE
58e7fb2ab02c0b08eb5e41ced1bf8ef9,POSITIVE
b6805655cfa121861403945d7e245315,NEGATIVE
5c0642579ff4fe7d2d1a972d1657c6dc,NEGATIVE
475d8fc48652f0d8255a3393b2c78e0b,NEGATIVE
d670e8dc0965e5fef8c56f4afb0a92e6,POSITIVE
70aa19329705e6ab0c25996631b7d759,POSITIVE
c740fbb968a8a2a52c155fb4426a08ee,NEGATIVE
f2b0e4ebd1ca9dbe13e80930ff5d5beb,POSITIVE
ac4fdadce80680a1d3a43aeba08ab9ca,NEGATIVE
6f11e7d6dbe581bd344e57869d36b1a3,NEGATIVE
16483626f1c9358f1120487db2fb1157,NEGATIVE
8c6bd4dcbaf543f5dd572d49053fad5f,POSITIVE
d75aea34f5a69e2f7cd664413194f357,NEGATIVE
2929364f45c53c1a4d3ee990ca35d4b2,NEGATIVE
d0bc459c0d8f13abb24b525522835a47,NEGATIVE
e0dd1a7293d3d62de95c9724fe56372a,NEGATIVE
435016f3002e77894fd793acb20342c3,NEGATIVE
89832c90dc6d2b50037bde45d1a5c4a0,NEGATIVE
e92340e1c3d71f874032d5db536b42eb,NEGATIVE
aadd531e8566b6372f18e979c8dfaa6f,POSITIVE
7440720f077f9b64cb829a0b65b30f48,NEGATIVE
e3012a40d88154c9849456274a9662fe,POSITIVE
9270a19e5a8107bc20e562e6ed9c0106,NEGATIVE
09b244704eef69348acc01f676b418cb,NEGATIVE
8eb97664107e4aead3bb2c572f2814dd,NEGATIVE
20c45083d28c6b36403ea0b28dea62ec,POSITIVE
bb168d8d6b2005557814cab09c12ac45,NEGATIVE
eeb84df7ac366864634ecc69b8bd6c62,NEGATIVE
83aa37fc68e0474186efbaffcdbd9ad8,NEGATIVE
acd6887dc1200ca51f0da6dfefd4f78e,NEGATIVE
b3f3eb9a06af0648f61425829e188503,NEGATIVE
324f6e8c1f0149c688f1c75f9162a769,NEGATIVE
ec8c12065bd9fd5a648953a809512abd,POSITIVE
1d06f4352fd88005621950c90400f51c,POSITIVE
f61747decdf175a2a52a582a79566e36,POSITIVE
6ac6396c230cd158c6854efd5be37868,POSITIVE
e97f6c99c37816302e5fc82abb02cefe,NEGATIVE
6e7fc4b11d86f2e58039547cae4657b7,NEGATIVE
e5b6e850e446cf2828a1836802616759,POSITIVE
7916f2a38ce045a7011a866493ccdda4,POSITIVE
3a680cd3c4cf166f9856468b80db9c82,NEGATIVE
19ed4a9f90bbed0322aff5dcd5874195,NEGATIVE
d1868088edbc67bd8a7916e85b4a36e0,NEGATIVE
5bda9113bbdd911b3cb9b9edcb8c12aa,POSITIVE
da8b58e7f8ab748e36749c318be5815d,NEGATIVE
9870d37c118d438749491875ab21350d,NEGATIVE
0abc37d4b74eea9ef5c4c2acd1bb887b,NEGATIVE
36c891b0bf54dbc932e5a86501337cb4,POSITIVE
4f3e907a40a2a429ed89cfd8b516b703,NEGATIVE
c3e499073cef2c91b365031ae7068d80,NEGATIVE
b6b8f14bfd96bee0ca25c56cb5012a2b,NEGATIVE
09c9f108440a205b30ec30e9720b8122,NEGATIVE
e0988f043cea8df4bd1d4e529ad79dc8,NEGATIVE
40e952e07b158576252732020daa5989,NEGATIVE
93cd39feb1c55d8d7dee875928625fda,NEGATIVE
4adde7f9a4158fce4f8a0c1be86bf25d,NEGATIVE
b635891a4af30d5978d2c9d18325c94b,POSITIVE
38649d077035a205d51bce443a1e653e,POSITIVE
2828ff26a317ef9eb68c978316b9c359,NEGATIVE
903d0fe8ccf8b5ea5d91cdf9fd5dbc62,NEGATIVE
255e3955e8e9566b3f1f23edb2abe069,NEGATIVE
0ef47dbba1101a061f16fc0c0bccb164,POSITIVE
4d4f24c33da84c9b925cb1f3ff5db06b,NEGATIVE
05a6afb8e5991e6235e9661481471075,NEGATIVE
cc590b1abb8cbd5d7197ca4568eed11d,POSITIVE
74a80835f7a952bd48b1bef9ab89cd2b,NEGATIVE
86e9cd803a980d16b318dd7b7954ba65,NEGATIVE
e4f2b1ea5da58372e8ad56f7912ffa45,NEGATIVE
8ecef0a04b5c74da97e1bbdcef8d9f9f,NEGATIVE
a5fa1f83f81013db77cc81f3030d9adf,POSITIVE
4351df6aae21232848909d54f0a52393,POSITIVE
f4aeb17e216c2e646d858cd187a82505,NEGATIVE
1771261755e723417285a0b7179ecafd,NEGATIVE
b28ac7d7f4aef7f1147a3a8b871e43ed,POSITIVE
2d87da9c8f00c91581cfec132102e274,NEGATIVE
8036b41291dc8e213e21f13bb5e00657,NEGATIVE
fc5a5cec03b29e362bd14ff2a4562713,POSITIVE
a770b043d6063404c8a9215ea709c8a3,NEGATIVE
c1e549f8d1859e894f9d050454d3605b,NEGATIVE
8df863bc84a68b412783bdd19597a4a5,NEGATIVE
67c087bbfc69679aebb2d243cde2f4d7,POSITIVE
45008b18e6f49b63af41357e2c149e31,NEGATIVE
9a3c77ae6d4fd150a727376ec513668a,POSITIVE
8792d09b4732ad6cdfe2fbcfeb31512c,NEGATIVE
529d8e388a614fa2f36a8b878ec3fb90,POSITIVE
c7acb394facc48a43da3bb92d7e2a6bf,POSITIVE
f57fdf86519cb20e8bd487fd9d2eb9b6,NEGATIVE
bcc7095436e740a0bbdb0e896ebd8382,POSITIVE
d7624c96582cc49859e42411d0224ef4,POSITIVE
306a7b1fa579d991ca0a89547be6469f,NEGATIVE
e021990a4c2d2241df37cf99965dd468,NEGATIVE
b7c7a9e6370a6a3f805fa7a01c615570,NEGATIVE
332cd75d0f7d0b051cc3e1eb4749b91c,NEGATIVE
083e21a4419a2888f11a595a38fb3887,POSITIVE
d67e0daa7d355676992f96d0f987fac4,NEGATIVE
ad605066b8a7006735dd93c18868e8df,NEGATIVE
a456295965c3c6fcaf6f7e85e5c5cad0,NEGATIVE
e1409911af379de232f654d7545b5bd8,NEGATIVE
eac9d46c267acf3ad8fd541a7abce3ad,POSITIVE
345b44379f91910600f9630e0746fe83,NEGATIVE
da94f75a93870d581329db609bc3f47a,NEGATIVE
86b2c3f6c4bb18fa07d7fa8d160c56bb,NEGATIVE
0a2b6ea153eae0b3d99d641e82bd3430,NEGATIVE
3fca97603cda69877869dafc1eed27d6,POSITIVE
d0a88469b58ca9251039895209f03078,NEGATIVE
e4251a7f60640d658da2c149416283da,NEGATIVE
5fdfab3697a4827a3adbb8e86662f5a9,NEGATIVE
8b17ef7f15c1344965d3339881f49ec2,POSITIVE
6da9a09a048cfd82265a9eab4f950732,NEGATIVE
c92b706ea13bffc5ef27bcd2ba4c41a5,POSITIVE
3878cd1f79c1831291aab82976999523,NEGATIVE
d68515e127f41dc3ccc1fcdd62e89095,NEGATIVE
6485c2c2c89204a4e90fe1166dfe1e11,NEGATIVE
bbee4ac00bfdbe7010dca9388d495cb9,POSITIVE
f474b54db1c0dcf5e96490e0a35eb953,POSITIVE
ca327f6e0c5c653724dc1ffcfcbc3ba9,POSITIVE
144f140e58c2f1b5e7279af54ce94927,POSITIVE
8c2ac944ef8976369124ddee3c64253c,NEGATIVE
39068182c94d4b30d3eb77fc5a80a40f,NEGATIVE
51aa4f33bd75cab5a73f0449446442d8,POSITIVE
335f7345f4011d17b87adbb27808834e,NEGATIVE
25bf2a4256c88dae7a93b9705ad8c1e4,POSITIVE
46ff7356bac33194b35dc96cc7e61d94,POSITIVE
d83b174ac0cbb9f0560a3ce931bf17e9,NEGATIVE
2655e6edbbeda304f24c42ce5049ad82,NEGATIVE
c95aa161907341edf1bbe856e860c6a5,POSITIVE
dab37aaa7b72770794ae896a984c783e,NEGATIVE
058919691d2bdd372250e53431b8d164,NEGATIVE
fcca231b2af758a98091eb98139b3e9f,NEGATIVE
759790d13ae2df7750f8b84de83b0d41,NEGATIVE
bc567c942517c869282f8536bcf6090b,NEGATIVE
eb18c67d8dc889bfb5f862a919c8510a,POSITIVE
f4f61b04d8c5f31580944bdebd257668,POSITIVE
f6580946647e47b3143467f658ad4e54,NEGATIVE
54c6efa3ffd2535cced5fcd282d50d2c,NEGATIVE
7a414a921de81c07dcbf33d8ab8388fb,NEGATIVE
891eb6514a572cdcac839d1d839f155b,POSITIVE
6b6331fa21b04f3449d64337e9409a61,NEGATIVE
086cf21d618ed775a9f8f5004fd167ed,NEGATIVE
54e71374f33ea31524652dd5807069be,NEGATIVE
9e5b6f1faaf00ba4abe5a6f910e0330d,NEGATIVE
ca8b41f4fa2adeafdc36ee880428cc34,POSITIVE
54d451708b3615a91e1a7a17a0c62554,POSITIVE
9238ec96db984dddf779ce63ad300c7c,POSITIVE
2bf225e36418352d9a3d4837b4e7910c,NEGATIVE
253a271266429c02882761e19ef68961,NEGATIVE
187ff678dfbea6995d6faef04e53115d,NEGATIVE
fcc364068e8947f8e4ef8676bb2e90de,NEGATIVE
e679f99f4368aa5276c04837548bacfe,NEGATIVE
fc81189ec28e42399f9470bcfbb3c34a,POSITIVE
b79c7dafaccac7f9acdcb930126d0eee,POSITIVE
82d5a2bcb9ae5bb51941e06b016c8b0c,NEGATIVE
3456d28a64947851564af4c1dd466356,POSITIVE
9c55c56a5c17f0b9441b92cff37ae631,POSITIVE
400d216c7c6b936fd7473773e6f1047f,NEGATIVE
5feb1a0f3fcf0d0360e7cd80628f6870,NEGATIVE
5544f39a36a0f6f74eeb63e3c1fabdba,POSITIVE
7981ed33360946955f8e7a7ad067ed8e,NEGATIVE
3462313ff619c74282b5ab8eee02d600,POSITIVE
2dad64320d72c5552536937d16088ea6,NEGATIVE
c9131fb88954a8a4ccd946c419e1a206,POSITIVE
2d529eb2aa475ac44beb360b80e0a3bb,NEGATIVE
fd29105e443d04489b1fc547ecf79d8c,POSITIVE
df440d740241120a52e3d688b07e3345,NEGATIVE
f1564cfc35eaed9b4cf49a5595acfd6b,NEGATIVE
f5916b1c13d73442d23417a99d1746d7,POSITIVE
41fd6318b50d587a799d8bfb378f4392,POSITIVE
532403c279535b43990eda3daa6f7d53,NEGATIVE
b5ff292bb228257004ebfd9935519747,NEGATIVE
4dd9b57cbcb4778824633fa0d84de455,NEGATIVE
32a0b27c20ffcbdc4021b5c99332e965,POSITIVE
3a53ff45a79b10caf36efabeaf46b82d,NEGATIVE
64d3bc105af8f6fb90c674ad513354ad,POSITIVE
69b7f55b4dc4bf652ed8486258a81014,POSITIVE
3d47a363fb2cf2ff2559058e89a9a4bf,NEGATIVE
ebe2dc54ac2a2ae3afbc8eb53e5642b6,NEGATIVE
1b52458172424bbd86b3c8cfb93c90b4,POSITIVE
00d37975aa38e0fb6cbeb3684cff20c6,POSITIVE
4ee1fd43f72586128438bf72eab2486e,NEGATIVE
633ffe3777acfec553e723a9908056d5,NEGATIVE
cd99493769a10d99b74805d0fe229eb2,POSITIVE
72dde2c7775bea81411d35886b21c326,NEGATIVE
b81dd3e22f792f13226653905eef1c5d,NEGATIVE
b4a9ebf4fe718031fc76fe7f6e813179,POSITIVE
45fedf850e00e49193692c612f2ffba0,POSITIVE
b5e103fff652fb44117f033940c2004d,NEGATIVE
f513bbda72adc6b4c4b8e767739bf6a5,POSITIVE
40f0e318e355bbb49fe605a2243414cb,NEGATIVE
